[{"model": "admin.logentry", "pk": 1, "fields": {"action_time": "2023-10-06T10:27:24.724Z", "user": 1, "content_type": 9, "object_id": "1", "object_repr": "Company object (1)", "action_flag": 1, "change_message": "[{\"added\": {}}]"}}, {"model": "admin.logentry", "pk": 2, "fields": {"action_time": "2023-10-06T10:27:57.358Z", "user": 1, "content_type": 10, "object_id": "1", "object_repr": "Job object (1)", "action_flag": 1, "change_message": "[{\"added\": {}}]"}}, {"model": "admin.logentry", "pk": 3, "fields": {"action_time": "2023-10-06T10:40:12.446Z", "user": 1, "content_type": 9, "object_id": "2", "object_repr": "Company object (2)", "action_flag": 1, "change_message": "[{\"added\": {}}]"}}, {"model": "admin.logentry", "pk": 4, "fields": {"action_time": "2023-10-06T10:41:42.527Z", "user": 1, "content_type": 8, "object_id": "2", "object_repr": "firstCompanyUser", "action_flag": 1, "change_message": "[{\"added\": {}}]"}}, {"model": "admin.logentry", "pk": 5, "fields": {"action_time": "2023-10-06T10:42:33.863Z", "user": 1, "content_type": 7, "object_id": "3", "object_repr": "firstRecruiteeUser", "action_flag": 1, "change_message": "[{\"added\": {}}]"}}, {"model": "admin.logentry", "pk": 6, "fields": {"action_time": "2023-10-06T10:43:51.278Z", "user": 1, "content_type": 15, "object_id": "1", "object_repr": "Question object (1)", "action_flag": 1, "change_message": "[{\"added\": {}}]"}}, {"model": "admin.logentry", "pk": 7, "fields": {"action_time": "2023-10-06T10:51:22.064Z", "user": 1, "content_type": 13, "object_id": "1", "object_repr": "Lists preserve the order of elements.", "action_flag": 1, "change_message": "[{\"added\": {}}]"}}, {"model": "admin.logentry", "pk": 8, "fields": {"action_time": "2023-10-06T10:51:32.852Z", "user": 1, "content_type": 13, "object_id": "2", "object_repr": "Lists cannot have mixed types (like strings and integers).", "action_flag": 1, "change_message": "[{\"added\": {}}]"}}, {"model": "admin.logentry", "pk": 9, "fields": {"action_time": "2023-10-06T10:51:43.653Z", "user": 1, "content_type": 13, "object_id": "3", "object_repr": "You cannot change elements of a list once it is created.", "action_flag": 1, "change_message": "[{\"added\": {}}]"}}, {"model": "admin.logentry", "pk": 10, "fields": {"action_time": "2023-10-06T10:51:56.071Z", "user": 1, "content_type": 13, "object_id": "4", "object_repr": "Lists are defined using curly braces {}.", "action_flag": 1, "change_message": "[{\"added\": {}}]"}}, {"model": "admin.logentry", "pk": 11, "fields": {"action_time": "2023-10-06T10:54:15.380Z", "user": 1, "content_type": 10, "object_id": "2", "object_repr": "Primary Teacher", "action_flag": 1, "change_message": "[{\"added\": {}}]"}}, {"model": "admin.logentry", "pk": 12, "fields": {"action_time": "2023-10-06T10:55:16.051Z", "user": 1, "content_type": 11, "object_id": "1", "object_repr": "teamwork", "action_flag": 1, "change_message": "[{\"added\": {}}]"}}, {"model": "admin.logentry", "pk": 13, "fields": {"action_time": "2023-10-06T10:55:26.419Z", "user": 1, "content_type": 11, "object_id": "2", "object_repr": "flexibility", "action_flag": 1, "change_message": "[{\"added\": {}}]"}}, {"model": "admin.logentry", "pk": 14, "fields": {"action_time": "2023-10-06T10:55:30.954Z", "user": 1, "content_type": 11, "object_id": "3", "object_repr": "patience", "action_flag": 1, "change_message": "[{\"added\": {}}]"}}, {"model": "admin.logentry", "pk": 15, "fields": {"action_time": "2023-10-06T10:55:35.628Z", "user": 1, "content_type": 11, "object_id": "4", "object_repr": "python", "action_flag": 1, "change_message": "[{\"added\": {}}]"}}, {"model": "admin.logentry", "pk": 16, "fields": {"action_time": "2023-10-06T10:55:43.458Z", "user": 1, "content_type": 11, "object_id": "5", "object_repr": "german", "action_flag": 1, "change_message": "[{\"added\": {}}]"}}, {"model": "admin.logentry", "pk": 17, "fields": {"action_time": "2023-10-06T10:55:50.870Z", "user": 1, "content_type": 12, "object_id": "1", "object_repr": "Primary Teacher\nteamwork", "action_flag": 1, "change_message": "[{\"added\": {}}]"}}, {"model": "admin.logentry", "pk": 18, "fields": {"action_time": "2023-10-06T10:55:54.535Z", "user": 1, "content_type": 12, "object_id": "2", "object_repr": "Primary Teacher\nflexibility", "action_flag": 1, "change_message": "[{\"added\": {}}]"}}, {"model": "admin.logentry", "pk": 19, "fields": {"action_time": "2023-10-06T10:55:58.974Z", "user": 1, "content_type": 12, "object_id": "3", "object_repr": "Primary Teacher\npatience", "action_flag": 1, "change_message": "[{\"added\": {}}]"}}, {"model": "admin.logentry", "pk": 20, "fields": {"action_time": "2023-10-09T08:22:53.720Z", "user": 1, "content_type": 9, "object_id": "3", "object_repr": "SoftwareStudio", "action_flag": 1, "change_message": "[{\"added\": {}}]"}}, {"model": "admin.logentry", "pk": 21, "fields": {"action_time": "2023-10-09T08:49:05.914Z", "user": 1, "content_type": 12, "object_id": "5", "object_repr": "Software Engineer\npython", "action_flag": 1, "change_message": "[{\"added\": {}}]"}}, {"model": "admin.logentry", "pk": 22, "fields": {"action_time": "2023-10-09T08:49:11.122Z", "user": 1, "content_type": 12, "object_id": "6", "object_repr": "Software Engineer\njava", "action_flag": 1, "change_message": "[{\"added\": {}}]"}}, {"model": "admin.logentry", "pk": 23, "fields": {"action_time": "2023-10-09T09:04:35.419Z", "user": 1, "content_type": 14, "object_id": "1", "object_repr": "Interview object (1)", "action_flag": 1, "change_message": "[{\"added\": {}}]"}}, {"model": "admin.logentry", "pk": 24, "fields": {"action_time": "2023-10-09T09:05:23.262Z", "user": 1, "content_type": 14, "object_id": "2", "object_repr": "Interview object (2)", "action_flag": 1, "change_message": "[{\"added\": {}}]"}}, {"model": "admin.logentry", "pk": 25, "fields": {"action_time": "2023-10-09T09:07:08.251Z", "user": 1, "content_type": 16, "object_id": "1", "object_repr": "Interview object (2)\nWhich of the following statements about Python lists is true?", "action_flag": 1, "change_message": "[{\"added\": {}}]"}}, {"model": "admin.logentry", "pk": 26, "fields": {"action_time": "2023-10-09T09:13:05.158Z", "user": 1, "content_type": 11, "object_id": "7", "object_repr": "afawdq", "action_flag": 1, "change_message": "[{\"added\": {}}]"}}, {"model": "admin.logentry", "pk": 27, "fields": {"action_time": "2023-10-09T09:13:37.011Z", "user": 1, "content_type": 12, "object_id": "7", "object_repr": "Primary Teacher\nafawdq", "action_flag": 1, "change_message": "[{\"added\": {}}]"}}, {"model": "admin.logentry", "pk": 28, "fields": {"action_time": "2023-10-09T09:23:56.610Z", "user": 1, "content_type": 13, "object_id": "5", "object_repr": "compareTo()", "action_flag": 1, "change_message": "[{\"added\": {}}]"}}, {"model": "admin.logentry", "pk": 29, "fields": {"action_time": "2023-10-09T09:24:11.682Z", "user": 1, "content_type": 13, "object_id": "6", "object_repr": "equals()", "action_flag": 1, "change_message": "[{\"added\": {}}]"}}, {"model": "admin.logentry", "pk": 30, "fields": {"action_time": "2023-10-09T09:24:16.492Z", "user": 1, "content_type": 13, "object_id": "7", "object_repr": "==", "action_flag": 1, "change_message": "[{\"added\": {}}]"}}, {"model": "admin.logentry", "pk": 31, "fields": {"action_time": "2023-10-09T09:24:25.515Z", "user": 1, "content_type": 13, "object_id": "8", "object_repr": "equal()", "action_flag": 1, "change_message": "[{\"added\": {}}]"}}, {"model": "admin.logentry", "pk": 32, "fields": {"action_time": "2023-10-09T09:27:39.574Z", "user": 1, "content_type": 14, "object_id": "1", "object_repr": "Interview object (1)", "action_flag": 3, "change_message": ""}}, {"model": "admin.logentry", "pk": 33, "fields": {"action_time": "2023-10-09T09:28:18.013Z", "user": 1, "content_type": 14, "object_id": "4", "object_repr": "Interview object (4)", "action_flag": 1, "change_message": "[{\"added\": {}}]"}}, {"model": "admin.logentry", "pk": 34, "fields": {"action_time": "2023-10-09T12:41:58.747Z", "user": 1, "content_type": 6, "object_id": "2", "object_repr": "firstCompanyUser", "action_flag": 2, "change_message": "[]"}}, {"model": "admin.logentry", "pk": 35, "fields": {"action_time": "2023-10-09T12:42:30.171Z", "user": 1, "content_type": 6, "object_id": "5", "object_repr": "RecruiteeUser1", "action_flag": 1, "change_message": "[{\"added\": {}}]"}}, {"model": "admin.logentry", "pk": 36, "fields": {"action_time": "2023-10-09T12:46:25.529Z", "user": 1, "content_type": 6, "object_id": "5", "object_repr": "RecruiteeUser1", "action_flag": 3, "change_message": ""}}, {"model": "admin.logentry", "pk": 37, "fields": {"action_time": "2023-10-14T14:30:48.453Z", "user": 1, "content_type": 7, "object_id": "8", "object_repr": "recruitee", "action_flag": 2, "change_message": "[{\"changed\": {\"fields\": [\"First name\", \"Last name\", \"Profile description\", \"School\", \"University\", \"Work experience\"]}}]"}}, {"model": "admin.logentry", "pk": 38, "fields": {"action_time": "2023-10-14T14:34:15.685Z", "user": 1, "content_type": 19, "object_id": "1", "object_repr": "UserSkills object (1)", "action_flag": 1, "change_message": "[{\"added\": {}}]"}}, {"model": "admin.logentry", "pk": 39, "fields": {"action_time": "2023-10-14T14:34:20.410Z", "user": 1, "content_type": 19, "object_id": "2", "object_repr": "UserSkills object (2)", "action_flag": 1, "change_message": "[{\"added\": {}}]"}}, {"model": "admin.logentry", "pk": 40, "fields": {"action_time": "2023-10-14T14:34:25.106Z", "user": 1, "content_type": 19, "object_id": "3", "object_repr": "UserSkills object (3)", "action_flag": 1, "change_message": "[{\"added\": {}}]"}}, {"model": "admin.logentry", "pk": 41, "fields": {"action_time": "2023-10-14T14:34:28.924Z", "user": 1, "content_type": 19, "object_id": "4", "object_repr": "UserSkills object (4)", "action_flag": 1, "change_message": "[{\"added\": {}}]"}}, {"model": "admin.logentry", "pk": 42, "fields": {"action_time": "2023-10-14T14:34:33.612Z", "user": 1, "content_type": 19, "object_id": "5", "object_repr": "UserSkills object (5)", "action_flag": 1, "change_message": "[{\"added\": {}}]"}}, {"model": "admin.logentry", "pk": 43, "fields": {"action_time": "2024-02-21T16:16:00.246Z", "user": 1, "content_type": 10, "object_id": "4", "object_repr": "Software Engineer", "action_flag": 2, "change_message": "[{\"changed\": {\"fields\": [\"Location\"]}}]"}}, {"model": "admin.logentry", "pk": 44, "fields": {"action_time": "2024-02-21T16:16:12.557Z", "user": 1, "content_type": 10, "object_id": "2", "object_repr": "Primary Teacher", "action_flag": 2, "change_message": "[{\"changed\": {\"fields\": [\"Location\"]}}]"}}, {"model": "admin.logentry", "pk": 45, "fields": {"action_time": "2024-02-21T16:16:19.105Z", "user": 1, "content_type": 10, "object_id": "1", "object_repr": "Primary Teacher", "action_flag": 2, "change_message": "[{\"changed\": {\"fields\": [\"Location\"]}}]"}}, {"model": "admin.logentry", "pk": 46, "fields": {"action_time": "2024-02-21T16:16:57.701Z", "user": 1, "content_type": 9, "object_id": "3", "object_repr": "SoftwareStudio", "action_flag": 2, "change_message": "[{\"changed\": {\"fields\": [\"Location\"]}}]"}}, {"model": "admin.logentry", "pk": 47, "fields": {"action_time": "2024-02-21T16:17:02.862Z", "user": 1, "content_type": 9, "object_id": "2", "object_repr": "AviationNo1", "action_flag": 2, "change_message": "[{\"changed\": {\"fields\": [\"Location\"]}}]"}}, {"model": "admin.logentry", "pk": 48, "fields": {"action_time": "2024-02-21T16:17:06.092Z", "user": 1, "content_type": 9, "object_id": "1", "object_repr": "Primary School", "action_flag": 2, "change_message": "[{\"changed\": {\"fields\": [\"Location\"]}}]"}}, {"model": "admin.logentry", "pk": 49, "fields": {"action_time": "2024-02-21T16:29:06.477Z", "user": 1, "content_type": 7, "object_id": "12", "object_repr": "mariabaldwin", "action_flag": 2, "change_message": "[{\"changed\": {\"fields\": [\"Cv\"]}}]"}}, {"model": "admin.logentry", "pk": 50, "fields": {"action_time": "2024-02-21T17:40:08.035Z", "user": 1, "content_type": 10, "object_id": "4", "object_repr": "Software Engineer", "action_flag": 2, "change_message": "[{\"changed\": {\"fields\": [\"Is remote\"]}}]"}}, {"model": "admin.logentry", "pk": 51, "fields": {"action_time": "2024-02-21T17:45:54.808Z", "user": 1, "content_type": 10, "object_id": "4", "object_repr": "Software Engineer", "action_flag": 2, "change_message": "[{\"changed\": {\"fields\": [\"Profile pic\", \"Cover photo\"]}}]"}}, {"model": "admin.logentry", "pk": 52, "fields": {"action_time": "2024-02-21T17:46:43.020Z", "user": 1, "content_type": 10, "object_id": "2", "object_repr": "Primary Teacher", "action_flag": 2, "change_message": "[{\"changed\": {\"fields\": [\"Profile pic\", \"Cover photo\"]}}]"}}, {"model": "admin.logentry", "pk": 53, "fields": {"action_time": "2024-02-21T17:46:53.809Z", "user": 1, "content_type": 10, "object_id": "1", "object_repr": "Primary Teacher", "action_flag": 2, "change_message": "[{\"changed\": {\"fields\": [\"Profile pic\", \"Cover photo\"]}}]"}}, {"model": "admin.logentry", "pk": 54, "fields": {"action_time": "2024-02-21T17:47:25.531Z", "user": 1, "content_type": 9, "object_id": "3", "object_repr": "SoftwareStudio", "action_flag": 2, "change_message": "[{\"changed\": {\"fields\": [\"Profile pic\", \"Cover photo\"]}}]"}}, {"model": "admin.logentry", "pk": 55, "fields": {"action_time": "2024-02-21T17:47:39.765Z", "user": 1, "content_type": 9, "object_id": "2", "object_repr": "AviationNo1", "action_flag": 2, "change_message": "[{\"changed\": {\"fields\": [\"Profile pic\", \"Cover photo\"]}}]"}}, {"model": "admin.logentry", "pk": 56, "fields": {"action_time": "2024-02-21T17:47:48.763Z", "user": 1, "content_type": 9, "object_id": "1", "object_repr": "Primary School", "action_flag": 2, "change_message": "[{\"changed\": {\"fields\": [\"Profile pic\", \"Cover photo\"]}}]"}}, {"model": "admin.logentry", "pk": 57, "fields": {"action_time": "2024-02-23T13:33:30.028Z", "user": 1, "content_type": 19, "object_id": "7", "object_repr": "UserSkills object (7)", "action_flag": 1, "change_message": "[{\"added\": {}}]"}}, {"model": "admin.logentry", "pk": 58, "fields": {"action_time": "2024-02-23T13:33:41.632Z", "user": 1, "content_type": 19, "object_id": "8", "object_repr": "UserSkills object (8)", "action_flag": 1, "change_message": "[{\"added\": {}}]"}}, {"model": "admin.logentry", "pk": 59, "fields": {"action_time": "2024-02-23T13:33:47.483Z", "user": 1, "content_type": 19, "object_id": "9", "object_repr": "UserSkills object (9)", "action_flag": 1, "change_message": "[{\"added\": {}}]"}}, {"model": "admin.logentry", "pk": 60, "fields": {"action_time": "2024-02-23T13:33:53.207Z", "user": 1, "content_type": 19, "object_id": "10", "object_repr": "UserSkills object (10)", "action_flag": 1, "change_message": "[{\"added\": {}}]"}}, {"model": "admin.logentry", "pk": 61, "fields": {"action_time": "2024-02-23T13:34:04.630Z", "user": 1, "content_type": 19, "object_id": "11", "object_repr": "UserSkills object (11)", "action_flag": 1, "change_message": "[{\"added\": {}}]"}}, {"model": "admin.logentry", "pk": 62, "fields": {"action_time": "2024-02-23T14:59:35.809Z", "user": 1, "content_type": 11, "object_id": "7", "object_repr": "SQL", "action_flag": 1, "change_message": "[{\"added\": {}}]"}}, {"model": "admin.logentry", "pk": 63, "fields": {"action_time": "2024-02-23T14:59:44.925Z", "user": 1, "content_type": 11, "object_id": "8", "object_repr": "react", "action_flag": 1, "change_message": "[{\"added\": {}}]"}}, {"model": "admin.logentry", "pk": 64, "fields": {"action_time": "2024-02-23T14:59:54.301Z", "user": 1, "content_type": 11, "object_id": "9", "object_repr": "django", "action_flag": 1, "change_message": "[{\"added\": {}}]"}}, {"model": "admin.logentry", "pk": 65, "fields": {"action_time": "2024-02-26T09:47:05.617Z", "user": 1, "content_type": 11, "object_id": "10", "object_repr": "javascript", "action_flag": 1, "change_message": "[{\"added\": {}}]"}}, {"model": "admin.logentry", "pk": 66, "fields": {"action_time": "2024-02-26T09:47:08.898Z", "user": 1, "content_type": 11, "object_id": "11", "object_repr": "php", "action_flag": 1, "change_message": "[{\"added\": {}}]"}}, {"model": "admin.logentry", "pk": 67, "fields": {"action_time": "2024-02-26T09:47:14.459Z", "user": 1, "content_type": 11, "object_id": "12", "object_repr": "spring", "action_flag": 1, "change_message": "[{\"added\": {}}]"}}, {"model": "admin.logentry", "pk": 68, "fields": {"action_time": "2024-02-26T09:47:18.392Z", "user": 1, "content_type": 11, "object_id": "13", "object_repr": "angular", "action_flag": 1, "change_message": "[{\"added\": {}}]"}}, {"model": "admin.logentry", "pk": 69, "fields": {"action_time": "2024-03-05T07:24:45.015Z", "user": 1, "content_type": 11, "object_id": "14", "object_repr": "css", "action_flag": 1, "change_message": "[{\"added\": {}}]"}}, {"model": "admin.logentry", "pk": 70, "fields": {"action_time": "2024-03-06T12:40:54.656Z", "user": 1, "content_type": 7, "object_id": "14", "object_repr": "justinlawrence", "action_flag": 2, "change_message": "[{\"changed\": {\"fields\": [\"Cv\"]}}]"}}, {"model": "admin.logentry", "pk": 71, "fields": {"action_time": "2024-03-06T13:15:07.498Z", "user": 1, "content_type": 7, "object_id": "14", "object_repr": "justinlawrence", "action_flag": 2, "change_message": "[{\"changed\": {\"fields\": [\"Cv\"]}}]"}}, {"model": "admin.logentry", "pk": 72, "fields": {"action_time": "2024-03-06T13:16:34.283Z", "user": 1, "content_type": 7, "object_id": "14", "object_repr": "justinlawrence", "action_flag": 2, "change_message": "[{\"changed\": {\"fields\": [\"Cv\"]}}]"}}, {"model": "admin.logentry", "pk": 73, "fields": {"action_time": "2024-03-06T13:18:18.432Z", "user": 1, "content_type": 7, "object_id": "14", "object_repr": "justinlawrence", "action_flag": 2, "change_message": "[{\"changed\": {\"fields\": [\"Cv\"]}}]"}}, {"model": "admin.logentry", "pk": 74, "fields": {"action_time": "2024-03-06T16:14:35.083Z", "user": 1, "content_type": 7, "object_id": "14", "object_repr": "justinlawrence", "action_flag": 2, "change_message": "[{\"changed\": {\"fields\": [\"Cv\"]}}]"}}, {"model": "admin.logentry", "pk": 75, "fields": {"action_time": "2024-03-06T16:28:29.966Z", "user": 1, "content_type": 7, "object_id": "14", "object_repr": "justinlawrence", "action_flag": 2, "change_message": "[{\"changed\": {\"fields\": [\"Cv\"]}}]"}}, {"model": "admin.logentry", "pk": 76, "fields": {"action_time": "2024-03-06T16:32:37.573Z", "user": 1, "content_type": 7, "object_id": "14", "object_repr": "justinlawrence", "action_flag": 2, "change_message": "[{\"changed\": {\"fields\": [\"Cv\"]}}]"}}, {"model": "admin.logentry", "pk": 77, "fields": {"action_time": "2024-03-06T16:44:45.100Z", "user": 1, "content_type": 7, "object_id": "14", "object_repr": "justinlawrence", "action_flag": 2, "change_message": "[{\"changed\": {\"fields\": [\"Cv\"]}}]"}}, {"model": "admin.logentry", "pk": 78, "fields": {"action_time": "2024-03-06T16:49:00.179Z", "user": 1, "content_type": 7, "object_id": "14", "object_repr": "justinlawrence", "action_flag": 2, "change_message": "[{\"changed\": {\"fields\": [\"Cv\"]}}]"}}, {"model": "admin.logentry", "pk": 79, "fields": {"action_time": "2024-03-06T16:50:29.419Z", "user": 1, "content_type": 7, "object_id": "14", "object_repr": "justinlawrence", "action_flag": 2, "change_message": "[{\"changed\": {\"fields\": [\"Cv\"]}}]"}}, {"model": "admin.logentry", "pk": 80, "fields": {"action_time": "2024-03-06T16:52:12.323Z", "user": 1, "content_type": 7, "object_id": "14", "object_repr": "justinlawrence", "action_flag": 2, "change_message": "[{\"changed\": {\"fields\": [\"Cv\"]}}]"}}, {"model": "admin.logentry", "pk": 81, "fields": {"action_time": "2024-03-06T16:52:44.176Z", "user": 1, "content_type": 7, "object_id": "14", "object_repr": "justinlawrence", "action_flag": 2, "change_message": "[{\"changed\": {\"fields\": [\"Cv\"]}}]"}}, {"model": "admin.logentry", "pk": 82, "fields": {"action_time": "2024-03-13T14:08:37.783Z", "user": 1, "content_type": 7, "object_id": "14", "object_repr": "justinlawrence", "action_flag": 2, "change_message": "[{\"changed\": {\"fields\": [\"Cv\"]}}]"}}, {"model": "admin.logentry", "pk": 83, "fields": {"action_time": "2024-03-13T14:09:59.112Z", "user": 1, "content_type": 7, "object_id": "14", "object_repr": "justinlawrence", "action_flag": 2, "change_message": "[{\"changed\": {\"fields\": [\"Cv\"]}}]"}}, {"model": "admin.logentry", "pk": 84, "fields": {"action_time": "2024-03-13T14:48:42.306Z", "user": 1, "content_type": 7, "object_id": "14", "object_repr": "justinlawrence", "action_flag": 2, "change_message": "[{\"changed\": {\"fields\": [\"Cv\"]}}]"}}, {"model": "admin.logentry", "pk": 85, "fields": {"action_time": "2024-03-14T10:56:50.884Z", "user": 1, "content_type": 8, "object_id": "10", "object_repr": "CompanyUser3", "action_flag": 2, "change_message": "[{\"changed\": {\"fields\": [\"First name\", \"Last name\"]}}]"}}, {"model": "admin.logentry", "pk": 86, "fields": {"action_time": "2024-03-14T10:56:55.075Z", "user": 1, "content_type": 8, "object_id": "10", "object_repr": "CompanyUser3", "action_flag": 2, "change_message": "[]"}}, {"model": "admin.logentry", "pk": 87, "fields": {"action_time": "2024-03-14T11:15:22.226Z", "user": 1, "content_type": 22, "object_id": "1", "object_repr": "Application object (1)", "action_flag": 3, "change_message": ""}}, {"model": "admin.logentry", "pk": 88, "fields": {"action_time": "2024-03-14T11:15:27.172Z", "user": 1, "content_type": 22, "object_id": "2", "object_repr": "Application object (2)", "action_flag": 3, "change_message": ""}}, {"model": "admin.logentry", "pk": 89, "fields": {"action_time": "2024-03-14T11:29:26.725Z", "user": 1, "content_type": 22, "object_id": "3", "object_repr": "Application object (3)", "action_flag": 3, "change_message": ""}}, {"model": "admin.logentry", "pk": 90, "fields": {"action_time": "2024-03-14T11:29:36.384Z", "user": 1, "content_type": 22, "object_id": "4", "object_repr": "Application object (4)", "action_flag": 3, "change_message": ""}}, {"model": "admin.logentry", "pk": 91, "fields": {"action_time": "2024-03-15T08:19:53.592Z", "user": 1, "content_type": 7, "object_id": "13", "object_repr": "chrisbrown", "action_flag": 2, "change_message": "[{\"changed\": {\"fields\": [\"Cv\"]}}]"}}, {"model": "admin.logentry", "pk": 92, "fields": {"action_time": "2024-03-15T08:33:48.415Z", "user": 1, "content_type": 7, "object_id": "13", "object_repr": "chrisbrown", "action_flag": 2, "change_message": "[{\"changed\": {\"fields\": [\"Cv\"]}}]"}}, {"model": "admin.logentry", "pk": 93, "fields": {"action_time": "2024-03-18T09:46:30.034Z", "user": 1, "content_type": 22, "object_id": "12", "object_repr": "Application object (12)", "action_flag": 3, "change_message": ""}}, {"model": "admin.logentry", "pk": 94, "fields": {"action_time": "2024-03-18T10:40:51.071Z", "user": 1, "content_type": 22, "object_id": "11", "object_repr": "Application object (11)", "action_flag": 3, "change_message": ""}}, {"model": "admin.logentry", "pk": 95, "fields": {"action_time": "2024-03-21T13:14:06.135Z", "user": 1, "content_type": 22, "object_id": "10", "object_repr": "Application object (10)", "action_flag": 2, "change_message": "[{\"changed\": {\"fields\": [\"AcceptedForQuiz\"]}}]"}}, {"model": "admin.logentry", "pk": 96, "fields": {"action_time": "2024-03-21T13:14:35.859Z", "user": 1, "content_type": 22, "object_id": "10", "object_repr": "Application object (10)", "action_flag": 2, "change_message": "[{\"changed\": {\"fields\": [\"AcceptedForQuiz\"]}}]"}}, {"model": "admin.logentry", "pk": 97, "fields": {"action_time": "2024-03-21T13:52:46.701Z", "user": 1, "content_type": 22, "object_id": "13", "object_repr": "Application object (13)", "action_flag": 3, "change_message": ""}}, {"model": "admin.logentry", "pk": 98, "fields": {"action_time": "2024-03-21T13:53:32.516Z", "user": 1, "content_type": 14, "object_id": "7", "object_repr": "Interview object (7)", "action_flag": 3, "change_message": ""}}, {"model": "admin.logentry", "pk": 99, "fields": {"action_time": "2024-03-21T14:17:00.164Z", "user": 1, "content_type": 22, "object_id": "5", "object_repr": "Application object (5)", "action_flag": 2, "change_message": "[{\"changed\": {\"fields\": [\"AcceptedForQuiz\"]}}]"}}, {"model": "admin.logentry", "pk": 100, "fields": {"action_time": "2024-03-21T14:17:51.667Z", "user": 1, "content_type": 22, "object_id": "5", "object_repr": "Application object (5)", "action_flag": 2, "change_message": "[{\"changed\": {\"fields\": [\"AcceptedForQuiz\"]}}]"}}, {"model": "admin.logentry", "pk": 101, "fields": {"action_time": "2024-03-21T14:21:25.860Z", "user": 1, "content_type": 14, "object_id": "8", "object_repr": "Interview object (8)", "action_flag": 3, "change_message": ""}}, {"model": "admin.logentry", "pk": 102, "fields": {"action_time": "2024-03-21T14:21:36.885Z", "user": 1, "content_type": 14, "object_id": "9", "object_repr": "Interview object (9)", "action_flag": 3, "change_message": ""}}, {"model": "admin.logentry", "pk": 103, "fields": {"action_time": "2024-03-26T06:25:04.686Z", "user": 1, "content_type": 13, "object_id": "5", "object_repr": "compareTo()", "action_flag": 3, "change_message": ""}}, {"model": "admin.logentry", "pk": 104, "fields": {"action_time": "2024-03-26T06:25:10.685Z", "user": 1, "content_type": 13, "object_id": "6", "object_repr": "equals()", "action_flag": 3, "change_message": ""}}, {"model": "admin.logentry", "pk": 105, "fields": {"action_time": "2024-03-26T06:25:17.000Z", "user": 1, "content_type": 13, "object_id": "7", "object_repr": "==", "action_flag": 3, "change_message": ""}}, {"model": "admin.logentry", "pk": 106, "fields": {"action_time": "2024-03-26T06:25:23.269Z", "user": 1, "content_type": 13, "object_id": "8", "object_repr": "equal()", "action_flag": 3, "change_message": ""}}, {"model": "admin.logentry", "pk": 107, "fields": {"action_time": "2024-03-26T06:25:26.968Z", "user": 1, "content_type": 13, "object_id": "9", "object_repr": "\"10\"", "action_flag": 3, "change_message": ""}}, {"model": "admin.logentry", "pk": 108, "fields": {"action_time": "2024-03-26T06:26:16.418Z", "user": 1, "content_type": 15, "object_id": "3", "object_repr": "In Java, which of the following methods is used to compare two strings for equality?", "action_flag": 3, "change_message": ""}}, {"model": "admin.logentry", "pk": 109, "fields": {"action_time": "2024-03-26T06:26:24.202Z", "user": 1, "content_type": 15, "object_id": "9", "object_repr": "What will the following JavaScript code output??", "action_flag": 3, "change_message": ""}}, {"model": "admin.logentry", "pk": 110, "fields": {"action_time": "2024-03-26T06:26:27.772Z", "user": 1, "content_type": 15, "object_id": "8", "object_repr": "What does the Array.isArray() method in JavaScript return?", "action_flag": 3, "change_message": ""}}, {"model": "admin.logentry", "pk": 111, "fields": {"action_time": "2024-03-26T06:26:30.736Z", "user": 1, "content_type": 15, "object_id": "7", "object_repr": "How do you comment out multiple lines of code in JavaScript?", "action_flag": 3, "change_message": ""}}, {"model": "admin.logentry", "pk": 112, "fields": {"action_time": "2024-03-26T06:26:34.036Z", "user": 1, "content_type": 15, "object_id": "6", "object_repr": "What does the Array.isArray() method in JavaScript return?", "action_flag": 3, "change_message": ""}}, {"model": "admin.logentry", "pk": 113, "fields": {"action_time": "2024-03-26T06:26:37.037Z", "user": 1, "content_type": 15, "object_id": "5", "object_repr": "What will the following JavaScript code output??", "action_flag": 3, "change_message": ""}}, {"model": "admin.logentry", "pk": 114, "fields": {"action_time": "2024-03-26T06:26:40.119Z", "user": 1, "content_type": 15, "object_id": "4", "object_repr": "What will the following JavaScript code output?", "action_flag": 3, "change_message": ""}}, {"model": "admin.logentry", "pk": 115, "fields": {"action_time": "2024-03-26T06:28:00.478Z", "user": 1, "content_type": 14, "object_id": "12", "object_repr": "Interview object (12)", "action_flag": 3, "change_message": ""}}, {"model": "admin.logentry", "pk": 116, "fields": {"action_time": "2024-03-26T06:28:03.409Z", "user": 1, "content_type": 14, "object_id": "11", "object_repr": "Interview object (11)", "action_flag": 3, "change_message": ""}}, {"model": "admin.logentry", "pk": 117, "fields": {"action_time": "2024-03-26T06:28:08.036Z", "user": 1, "content_type": 14, "object_id": "10", "object_repr": "Interview object (10)", "action_flag": 3, "change_message": ""}}, {"model": "admin.logentry", "pk": 118, "fields": {"action_time": "2024-03-26T06:28:10.746Z", "user": 1, "content_type": 14, "object_id": "6", "object_repr": "Interview object (6)", "action_flag": 3, "change_message": ""}}, {"model": "admin.logentry", "pk": 119, "fields": {"action_time": "2024-03-26T06:28:14.330Z", "user": 1, "content_type": 14, "object_id": "5", "object_repr": "Interview object (5)", "action_flag": 3, "change_message": ""}}, {"model": "admin.logentry", "pk": 120, "fields": {"action_time": "2024-03-26T06:28:17.464Z", "user": 1, "content_type": 14, "object_id": "4", "object_repr": "Interview object (4)", "action_flag": 3, "change_message": ""}}, {"model": "admin.logentry", "pk": 121, "fields": {"action_time": "2024-03-26T06:57:45.195Z", "user": 1, "content_type": 15, "object_id": "10", "object_repr": "Which planet is closest to the sun?", "action_flag": 3, "change_message": ""}}, {"model": "admin.logentry", "pk": 122, "fields": {"action_time": "2024-03-26T06:57:48.048Z", "user": 1, "content_type": 15, "object_id": "11", "object_repr": "What is the capital city of France?", "action_flag": 3, "change_message": ""}}, {"model": "admin.logentry", "pk": 123, "fields": {"action_time": "2024-03-26T07:06:33.851Z", "user": 1, "content_type": 14, "object_id": "14", "object_repr": "Interview object (14)", "action_flag": 3, "change_message": ""}}, {"model": "admin.logentry", "pk": 124, "fields": {"action_time": "2024-03-26T07:06:36.656Z", "user": 1, "content_type": 14, "object_id": "13", "object_repr": "Interview object (13)", "action_flag": 3, "change_message": ""}}, {"model": "admin.logentry", "pk": 125, "fields": {"action_time": "2024-03-26T07:06:43.678Z", "user": 1, "content_type": 15, "object_id": "12", "object_repr": "Which planet is closest to the sun?", "action_flag": 3, "change_message": ""}}, {"model": "admin.logentry", "pk": 126, "fields": {"action_time": "2024-03-26T07:06:46.926Z", "user": 1, "content_type": 15, "object_id": "13", "object_repr": "What is the capital city of France?", "action_flag": 3, "change_message": ""}}, {"model": "admin.logentry", "pk": 127, "fields": {"action_time": "2024-03-26T07:06:49.769Z", "user": 1, "content_type": 15, "object_id": "14", "object_repr": "How many continents are there in the world?", "action_flag": 3, "change_message": ""}}, {"model": "admin.logentry", "pk": 128, "fields": {"action_time": "2024-03-26T07:11:49.113Z", "user": 1, "content_type": 15, "object_id": "15", "object_repr": "Which of the following is a mammal?", "action_flag": 3, "change_message": ""}}, {"model": "admin.logentry", "pk": 129, "fields": {"action_time": "2024-03-26T07:11:51.356Z", "user": 1, "content_type": 15, "object_id": "16", "object_repr": "Which of the following is a primary color?", "action_flag": 3, "change_message": ""}}, {"model": "admin.logentry", "pk": 130, "fields": {"action_time": "2024-03-26T07:11:54.213Z", "user": 1, "content_type": 15, "object_id": "17", "object_repr": "How many continents are there in the world?", "action_flag": 3, "change_message": ""}}, {"model": "admin.logentry", "pk": 131, "fields": {"action_time": "2024-03-26T07:17:27.363Z", "user": 1, "content_type": 14, "object_id": "15", "object_repr": "Interview object (15)", "action_flag": 3, "change_message": ""}}, {"model": "admin.logentry", "pk": 132, "fields": {"action_time": "2024-03-26T07:17:34.476Z", "user": 1, "content_type": 15, "object_id": "18", "object_repr": "How many continents are there in the world?", "action_flag": 3, "change_message": ""}}, {"model": "admin.logentry", "pk": 133, "fields": {"action_time": "2024-03-26T07:17:37.567Z", "user": 1, "content_type": 15, "object_id": "19", "object_repr": "What is the capital city of France?", "action_flag": 3, "change_message": ""}}, {"model": "admin.logentry", "pk": 134, "fields": {"action_time": "2024-03-26T07:17:40.213Z", "user": 1, "content_type": 15, "object_id": "20", "object_repr": "Which planet is closest to the sun?", "action_flag": 3, "change_message": ""}}, {"model": "admin.logentry", "pk": 135, "fields": {"action_time": "2024-03-28T11:13:39.728Z", "user": 1, "content_type": 14, "object_id": "17", "object_repr": "Interview object (17)", "action_flag": 3, "change_message": ""}}, {"model": "admin.logentry", "pk": 136, "fields": {"action_time": "2024-03-29T08:37:55.693Z", "user": 1, "content_type": 20, "object_id": "2", "object_repr": "Answer for Interview object (16)\nWhich planet is closest to the sun?: Mars \n is_correct: False", "action_flag": 3, "change_message": ""}}, {"model": "admin.logentry", "pk": 137, "fields": {"action_time": "2024-03-29T08:38:01.268Z", "user": 1, "content_type": 20, "object_id": "1", "object_repr": "Answer for Interview object (16)\nWhich planet is closest to the sun?: Mars \n is_correct: False", "action_flag": 3, "change_message": ""}}, {"model": "admin.logentry", "pk": 138, "fields": {"action_time": "2024-03-29T08:38:04.314Z", "user": 1, "content_type": 20, "object_id": "3", "object_repr": "Answer for Interview object (16)\nWhich planet is closest to the sun?: Mercury \n is_correct: True", "action_flag": 3, "change_message": ""}}, {"model": "admin.logentry", "pk": 139, "fields": {"action_time": "2024-03-29T08:38:06.947Z", "user": 1, "content_type": 20, "object_id": "4", "object_repr": "Answer for Interview object (16)\nWhat is the capital city of France?: Paris \n is_correct: True", "action_flag": 3, "change_message": ""}}, {"model": "admin.logentry", "pk": 140, "fields": {"action_time": "2024-03-29T08:38:10.283Z", "user": 1, "content_type": 20, "object_id": "5", "object_repr": "Answer for Interview object (16)\nHow many continents are there in the world?: 7 \n is_correct: True", "action_flag": 3, "change_message": ""}}, {"model": "admin.logentry", "pk": 141, "fields": {"action_time": "2024-03-29T08:38:27.648Z", "user": 1, "content_type": 20, "object_id": "8", "object_repr": "Answer for Interview object (16)\nHow many continents are there in the world?: 7 \n is_correct: True", "action_flag": 3, "change_message": ""}}, {"model": "admin.logentry", "pk": 142, "fields": {"action_time": "2024-03-29T08:38:30.416Z", "user": 1, "content_type": 20, "object_id": "7", "object_repr": "Answer for Interview object (16)\nWhat is the capital city of France?: Paris \n is_correct: True", "action_flag": 3, "change_message": ""}}, {"model": "admin.logentry", "pk": 143, "fields": {"action_time": "2024-03-29T08:38:32.800Z", "user": 1, "content_type": 20, "object_id": "6", "object_repr": "Answer for Interview object (16)\nWhich planet is closest to the sun?: Mercury \n is_correct: True", "action_flag": 3, "change_message": ""}}, {"model": "admin.logentry", "pk": 144, "fields": {"action_time": "2024-03-29T08:38:53.914Z", "user": 1, "content_type": 20, "object_id": "11", "object_repr": "Answer for Interview object (16)\nHow many continents are there in the world?: 8 \n is_correct: True", "action_flag": 3, "change_message": ""}}, {"model": "admin.logentry", "pk": 145, "fields": {"action_time": "2024-03-29T08:38:56.110Z", "user": 1, "content_type": 20, "object_id": "10", "object_repr": "Answer for Interview object (16)\nWhat is the capital city of France?: London \n is_correct: True", "action_flag": 3, "change_message": ""}}, {"model": "admin.logentry", "pk": 146, "fields": {"action_time": "2024-03-29T08:38:58.367Z", "user": 1, "content_type": 20, "object_id": "9", "object_repr": "Answer for Interview object (16)\nWhich planet is closest to the sun?: Earth \n is_correct: True", "action_flag": 3, "change_message": ""}}, {"model": "admin.logentry", "pk": 147, "fields": {"action_time": "2024-03-29T10:45:24.068Z", "user": 1, "content_type": 22, "object_id": "14", "object_repr": "Application object (14)", "action_flag": 3, "change_message": ""}}, {"model": "admin.logentry", "pk": 148, "fields": {"action_time": "2024-04-01T09:16:47.077Z", "user": 1, "content_type": 22, "object_id": "6", "object_repr": "Application object (6)", "action_flag": 2, "change_message": "[{\"changed\": {\"fields\": [\"AcceptedForQuiz\"]}}]"}}, {"model": "admin.logentry", "pk": 149, "fields": {"action_time": "2024-04-01T09:22:27.603Z", "user": 1, "content_type": 22, "object_id": "6", "object_repr": "Application object (6)", "action_flag": 2, "change_message": "[{\"changed\": {\"fields\": [\"Accepted\"]}}]"}}, {"model": "admin.logentry", "pk": 150, "fields": {"action_time": "2024-04-01T09:58:02.500Z", "user": 1, "content_type": 22, "object_id": "9", "object_repr": "Application object (9)", "action_flag": 3, "change_message": ""}}, {"model": "admin.logentry", "pk": 151, "fields": {"action_time": "2024-04-01T10:01:15.934Z", "user": 1, "content_type": 14, "object_id": "18", "object_repr": "Interview object (18)", "action_flag": 3, "change_message": ""}}, {"model": "admin.logentry", "pk": 152, "fields": {"action_time": "2024-04-01T10:52:45.197Z", "user": 1, "content_type": 20, "object_id": "24", "object_repr": "Answer for Interview object (16)\nWhich planet is closest to the sun?: Mars \n is_correct: False", "action_flag": 3, "change_message": ""}}, {"model": "admin.logentry", "pk": 153, "fields": {"action_time": "2024-04-01T10:52:51.655Z", "user": 1, "content_type": 20, "object_id": "25", "object_repr": "Answer for Interview object (16)\nWhich planet is closest to the sun?: Venus \n is_correct: False", "action_flag": 3, "change_message": ""}}, {"model": "admin.logentry", "pk": 154, "fields": {"action_time": "2024-04-01T10:52:55.765Z", "user": 1, "content_type": 20, "object_id": "26", "object_repr": "Answer for Interview object (16)\nWhich planet is closest to the sun?: Mercury \n is_correct: True", "action_flag": 3, "change_message": ""}}, {"model": "admin.logentry", "pk": 155, "fields": {"action_time": "2024-04-01T10:52:59.381Z", "user": 1, "content_type": 20, "object_id": "27", "object_repr": "Answer for Interview object (16)\nWhich planet is closest to the sun?: Earth \n is_correct: False", "action_flag": 3, "change_message": ""}}, {"model": "admin.logentry", "pk": 156, "fields": {"action_time": "2024-04-01T10:53:03.527Z", "user": 1, "content_type": 20, "object_id": "28", "object_repr": "Answer for Interview object (16)\nWhat is the capital city of France?: London \n is_correct: False", "action_flag": 3, "change_message": ""}}, {"model": "admin.logentry", "pk": 157, "fields": {"action_time": "2024-04-01T10:53:07.735Z", "user": 1, "content_type": 20, "object_id": "29", "object_repr": "Answer for Interview object (16)\nWhat is the capital city of France?: Berlin \n is_correct: False", "action_flag": 3, "change_message": ""}}, {"model": "admin.logentry", "pk": 158, "fields": {"action_time": "2024-04-01T10:53:11.664Z", "user": 1, "content_type": 20, "object_id": "30", "object_repr": "Answer for Interview object (16)\nWhat is the capital city of France?: Paris \n is_correct: True", "action_flag": 3, "change_message": ""}}, {"model": "admin.logentry", "pk": 159, "fields": {"action_time": "2024-04-01T10:53:15.190Z", "user": 1, "content_type": 20, "object_id": "31", "object_repr": "Answer for Interview object (16)\nWhat is the capital city of France?: Rome \n is_correct: False", "action_flag": 3, "change_message": ""}}, {"model": "admin.logentry", "pk": 160, "fields": {"action_time": "2024-04-01T10:53:22.314Z", "user": 1, "content_type": 20, "object_id": "32", "object_repr": "Answer for Interview object (16)\nHow many continents are there in the world?: 6 \n is_correct: False", "action_flag": 3, "change_message": ""}}, {"model": "admin.logentry", "pk": 161, "fields": {"action_time": "2024-04-01T10:53:26.200Z", "user": 1, "content_type": 20, "object_id": "33", "object_repr": "Answer for Interview object (16)\nHow many continents are there in the world?: 7 \n is_correct: True", "action_flag": 3, "change_message": ""}}, {"model": "admin.logentry", "pk": 162, "fields": {"action_time": "2024-04-01T10:53:30.617Z", "user": 1, "content_type": 20, "object_id": "34", "object_repr": "Answer for Interview object (16)\nHow many continents are there in the world?: 5 \n is_correct: False", "action_flag": 3, "change_message": ""}}, {"model": "admin.logentry", "pk": 163, "fields": {"action_time": "2024-04-01T10:53:35.756Z", "user": 1, "content_type": 20, "object_id": "35", "object_repr": "Answer for Interview object (16)\nHow many continents are there in the world?: 8 \n is_correct: False", "action_flag": 3, "change_message": ""}}, {"model": "admin.logentry", "pk": 164, "fields": {"action_time": "2024-04-01T11:30:32.520Z", "user": 1, "content_type": 14, "object_id": "20", "object_repr": "Interview object (20)", "action_flag": 3, "change_message": ""}}, {"model": "admin.logentry", "pk": 165, "fields": {"action_time": "2024-04-17T10:14:52.443Z", "user": 1, "content_type": 12, "object_id": "4", "object_repr": "Primary Teacher\njava", "action_flag": 3, "change_message": ""}}, {"model": "admin.logentry", "pk": 166, "fields": {"action_time": "2024-04-17T10:15:09.974Z", "user": 1, "content_type": 12, "object_id": "8", "object_repr": "Software Engineer\nangular", "action_flag": 1, "change_message": "[{\"added\": {}}]"}}, {"model": "admin.logentry", "pk": 167, "fields": {"action_time": "2024-04-17T10:17:15.142Z", "user": 1, "content_type": 19, "object_id": "24", "object_repr": "UserSkills object (24)", "action_flag": 3, "change_message": ""}}, {"model": "admin.logentry", "pk": 168, "fields": {"action_time": "2024-05-01T08:32:04.113Z", "user": 1, "content_type": 14, "object_id": "21", "object_repr": "Interview object (21)", "action_flag": 3, "change_message": ""}}, {"model": "admin.logentry", "pk": 169, "fields": {"action_time": "2024-05-01T08:50:57.316Z", "user": 1, "content_type": 14, "object_id": "22", "object_repr": "Interview object (22)", "action_flag": 3, "change_message": ""}}, {"model": "admin.logentry", "pk": 170, "fields": {"action_time": "2024-05-01T08:51:16.440Z", "user": 1, "content_type": 15, "object_id": "28", "object_repr": "What is the primary focus of teaching art in primary education?", "action_flag": 3, "change_message": ""}}, {"model": "admin.logentry", "pk": 171, "fields": {"action_time": "2024-05-01T08:51:19.614Z", "user": 1, "content_type": 15, "object_id": "27", "object_repr": "In primary science education, what are the basic states of matter?", "action_flag": 3, "change_message": ""}}, {"model": "admin.logentry", "pk": 172, "fields": {"action_time": "2024-05-01T08:51:22.634Z", "user": 1, "content_type": 15, "object_id": "26", "object_repr": "In primary education, which of the following subjects are typically included in the curriculum?", "action_flag": 3, "change_message": ""}}, {"model": "admin.logentry", "pk": 173, "fields": {"action_time": "2024-05-01T08:52:31.470Z", "user": 1, "content_type": 16, "object_id": "11", "object_repr": "Interview object (23)\ndfvgse", "action_flag": 3, "change_message": ""}}, {"model": "admin.logentry", "pk": 174, "fields": {"action_time": "2024-05-01T08:52:42.046Z", "user": 1, "content_type": 15, "object_id": "29", "object_repr": "dfvgse", "action_flag": 3, "change_message": ""}}, {"model": "admin.logentry", "pk": 175, "fields": {"action_time": "2024-05-01T08:53:01.968Z", "user": 1, "content_type": 14, "object_id": "23", "object_repr": "Interview object (23)", "action_flag": 3, "change_message": ""}}, {"model": "admin.logentry", "pk": 176, "fields": {"action_time": "2024-05-01T09:21:44.011Z", "user": 1, "content_type": 15, "object_id": "32", "object_repr": "In primary science education, what are the basic states of matter?", "action_flag": 2, "change_message": "[{\"changed\": {\"fields\": [\"Question\"]}}]"}}, {"model": "admin.logentry", "pk": 177, "fields": {"action_time": "2024-05-01T09:21:45.508Z", "user": 1, "content_type": 16, "object_id": "14", "object_repr": "Interview object (24)\nIn primary science education, what are the basic states of matter?", "action_flag": 2, "change_message": "[]"}}, {"model": "auth.permission", "pk": 1, "fields": {"name": "Can add log entry", "content_type": 1, "codename": "add_logentry"}}, {"model": "auth.permission", "pk": 2, "fields": {"name": "Can change log entry", "content_type": 1, "codename": "change_logentry"}}, {"model": "auth.permission", "pk": 3, "fields": {"name": "Can delete log entry", "content_type": 1, "codename": "delete_logentry"}}, {"model": "auth.permission", "pk": 4, "fields": {"name": "Can view log entry", "content_type": 1, "codename": "view_logentry"}}, {"model": "auth.permission", "pk": 5, "fields": {"name": "Can add permission", "content_type": 2, "codename": "add_permission"}}, {"model": "auth.permission", "pk": 6, "fields": {"name": "Can change permission", "content_type": 2, "codename": "change_permission"}}, {"model": "auth.permission", "pk": 7, "fields": {"name": "Can delete permission", "content_type": 2, "codename": "delete_permission"}}, {"model": "auth.permission", "pk": 8, "fields": {"name": "Can view permission", "content_type": 2, "codename": "view_permission"}}, {"model": "auth.permission", "pk": 9, "fields": {"name": "Can add group", "content_type": 3, "codename": "add_group"}}, {"model": "auth.permission", "pk": 10, "fields": {"name": "Can change group", "content_type": 3, "codename": "change_group"}}, {"model": "auth.permission", "pk": 11, "fields": {"name": "Can delete group", "content_type": 3, "codename": "delete_group"}}, {"model": "auth.permission", "pk": 12, "fields": {"name": "Can view group", "content_type": 3, "codename": "view_group"}}, {"model": "auth.permission", "pk": 13, "fields": {"name": "Can add content type", "content_type": 4, "codename": "add_contenttype"}}, {"model": "auth.permission", "pk": 14, "fields": {"name": "Can change content type", "content_type": 4, "codename": "change_contenttype"}}, {"model": "auth.permission", "pk": 15, "fields": {"name": "Can delete content type", "content_type": 4, "codename": "delete_contenttype"}}, {"model": "auth.permission", "pk": 16, "fields": {"name": "Can view content type", "content_type": 4, "codename": "view_contenttype"}}, {"model": "auth.permission", "pk": 17, "fields": {"name": "Can add session", "content_type": 5, "codename": "add_session"}}, {"model": "auth.permission", "pk": 18, "fields": {"name": "Can change session", "content_type": 5, "codename": "change_session"}}, {"model": "auth.permission", "pk": 19, "fields": {"name": "Can delete session", "content_type": 5, "codename": "delete_session"}}, {"model": "auth.permission", "pk": 20, "fields": {"name": "Can view session", "content_type": 5, "codename": "view_session"}}, {"model": "auth.permission", "pk": 21, "fields": {"name": "Can add user", "content_type": 6, "codename": "add_user"}}, {"model": "auth.permission", "pk": 22, "fields": {"name": "Can change user", "content_type": 6, "codename": "change_user"}}, {"model": "auth.permission", "pk": 23, "fields": {"name": "Can delete user", "content_type": 6, "codename": "delete_user"}}, {"model": "auth.permission", "pk": 24, "fields": {"name": "Can view user", "content_type": 6, "codename": "view_user"}}, {"model": "auth.permission", "pk": 25, "fields": {"name": "Can add user", "content_type": 7, "codename": "add_recruiteeuser"}}, {"model": "auth.permission", "pk": 26, "fields": {"name": "Can change user", "content_type": 7, "codename": "change_recruiteeuser"}}, {"model": "auth.permission", "pk": 27, "fields": {"name": "Can delete user", "content_type": 7, "codename": "delete_recruiteeuser"}}, {"model": "auth.permission", "pk": 28, "fields": {"name": "Can view user", "content_type": 7, "codename": "view_recruiteeuser"}}, {"model": "auth.permission", "pk": 29, "fields": {"name": "Can add user", "content_type": 8, "codename": "add_companyuser"}}, {"model": "auth.permission", "pk": 30, "fields": {"name": "Can change user", "content_type": 8, "codename": "change_companyuser"}}, {"model": "auth.permission", "pk": 31, "fields": {"name": "Can delete user", "content_type": 8, "codename": "delete_companyuser"}}, {"model": "auth.permission", "pk": 32, "fields": {"name": "Can view user", "content_type": 8, "codename": "view_companyuser"}}, {"model": "auth.permission", "pk": 33, "fields": {"name": "Can add company", "content_type": 9, "codename": "add_company"}}, {"model": "auth.permission", "pk": 34, "fields": {"name": "Can change company", "content_type": 9, "codename": "change_company"}}, {"model": "auth.permission", "pk": 35, "fields": {"name": "Can delete company", "content_type": 9, "codename": "delete_company"}}, {"model": "auth.permission", "pk": 36, "fields": {"name": "Can view company", "content_type": 9, "codename": "view_company"}}, {"model": "auth.permission", "pk": 37, "fields": {"name": "Can add job", "content_type": 10, "codename": "add_job"}}, {"model": "auth.permission", "pk": 38, "fields": {"name": "Can change job", "content_type": 10, "codename": "change_job"}}, {"model": "auth.permission", "pk": 39, "fields": {"name": "Can delete job", "content_type": 10, "codename": "delete_job"}}, {"model": "auth.permission", "pk": 40, "fields": {"name": "Can view job", "content_type": 10, "codename": "view_job"}}, {"model": "auth.permission", "pk": 41, "fields": {"name": "Can add skill", "content_type": 11, "codename": "add_skill"}}, {"model": "auth.permission", "pk": 42, "fields": {"name": "Can change skill", "content_type": 11, "codename": "change_skill"}}, {"model": "auth.permission", "pk": 43, "fields": {"name": "Can delete skill", "content_type": 11, "codename": "delete_skill"}}, {"model": "auth.permission", "pk": 44, "fields": {"name": "Can view skill", "content_type": 11, "codename": "view_skill"}}, {"model": "auth.permission", "pk": 45, "fields": {"name": "Can add job skills", "content_type": 12, "codename": "add_jobskills"}}, {"model": "auth.permission", "pk": 46, "fields": {"name": "Can change job skills", "content_type": 12, "codename": "change_jobskills"}}, {"model": "auth.permission", "pk": 47, "fields": {"name": "Can delete job skills", "content_type": 12, "codename": "delete_jobskills"}}, {"model": "auth.permission", "pk": 48, "fields": {"name": "Can view job skills", "content_type": 12, "codename": "view_jobskills"}}, {"model": "auth.permission", "pk": 49, "fields": {"name": "Can add answer", "content_type": 13, "codename": "add_answer"}}, {"model": "auth.permission", "pk": 50, "fields": {"name": "Can change answer", "content_type": 13, "codename": "change_answer"}}, {"model": "auth.permission", "pk": 51, "fields": {"name": "Can delete answer", "content_type": 13, "codename": "delete_answer"}}, {"model": "auth.permission", "pk": 52, "fields": {"name": "Can view answer", "content_type": 13, "codename": "view_answer"}}, {"model": "auth.permission", "pk": 53, "fields": {"name": "Can add interview", "content_type": 14, "codename": "add_interview"}}, {"model": "auth.permission", "pk": 54, "fields": {"name": "Can change interview", "content_type": 14, "codename": "change_interview"}}, {"model": "auth.permission", "pk": 55, "fields": {"name": "Can delete interview", "content_type": 14, "codename": "delete_interview"}}, {"model": "auth.permission", "pk": 56, "fields": {"name": "Can view interview", "content_type": 14, "codename": "view_interview"}}, {"model": "auth.permission", "pk": 57, "fields": {"name": "Can add question", "content_type": 15, "codename": "add_question"}}, {"model": "auth.permission", "pk": 58, "fields": {"name": "Can change question", "content_type": 15, "codename": "change_question"}}, {"model": "auth.permission", "pk": 59, "fields": {"name": "Can delete question", "content_type": 15, "codename": "delete_question"}}, {"model": "auth.permission", "pk": 60, "fields": {"name": "Can view question", "content_type": 15, "codename": "view_question"}}, {"model": "auth.permission", "pk": 61, "fields": {"name": "Can add quiz question", "content_type": 16, "codename": "add_quizquestion"}}, {"model": "auth.permission", "pk": 62, "fields": {"name": "Can change quiz question", "content_type": 16, "codename": "change_quizquestion"}}, {"model": "auth.permission", "pk": 63, "fields": {"name": "Can delete quiz question", "content_type": 16, "codename": "delete_quizquestion"}}, {"model": "auth.permission", "pk": 64, "fields": {"name": "Can view quiz question", "content_type": 16, "codename": "view_quizquestion"}}, {"model": "auth.permission", "pk": 65, "fields": {"name": "Can add Token", "content_type": 17, "codename": "add_token"}}, {"model": "auth.permission", "pk": 66, "fields": {"name": "Can change Token", "content_type": 17, "codename": "change_token"}}, {"model": "auth.permission", "pk": 67, "fields": {"name": "Can delete Token", "content_type": 17, "codename": "delete_token"}}, {"model": "auth.permission", "pk": 68, "fields": {"name": "Can view Token", "content_type": 17, "codename": "view_token"}}, {"model": "auth.permission", "pk": 69, "fields": {"name": "Can add token", "content_type": 18, "codename": "add_tokenproxy"}}, {"model": "auth.permission", "pk": 70, "fields": {"name": "Can change token", "content_type": 18, "codename": "change_tokenproxy"}}, {"model": "auth.permission", "pk": 71, "fields": {"name": "Can delete token", "content_type": 18, "codename": "delete_tokenproxy"}}, {"model": "auth.permission", "pk": 72, "fields": {"name": "Can view token", "content_type": 18, "codename": "view_tokenproxy"}}, {"model": "auth.permission", "pk": 73, "fields": {"name": "Can add user skills", "content_type": 19, "codename": "add_userskills"}}, {"model": "auth.permission", "pk": 74, "fields": {"name": "Can change user skills", "content_type": 19, "codename": "change_userskills"}}, {"model": "auth.permission", "pk": 75, "fields": {"name": "Can delete user skills", "content_type": 19, "codename": "delete_userskills"}}, {"model": "auth.permission", "pk": 76, "fields": {"name": "Can view user skills", "content_type": 19, "codename": "view_userskills"}}, {"model": "auth.permission", "pk": 77, "fields": {"name": "Can add users answer", "content_type": 20, "codename": "add_usersanswer"}}, {"model": "auth.permission", "pk": 78, "fields": {"name": "Can change users answer", "content_type": 20, "codename": "change_usersanswer"}}, {"model": "auth.permission", "pk": 79, "fields": {"name": "Can delete users answer", "content_type": 20, "codename": "delete_usersanswer"}}, {"model": "auth.permission", "pk": 80, "fields": {"name": "Can view users answer", "content_type": 20, "codename": "view_usersanswer"}}, {"model": "auth.permission", "pk": 81, "fields": {"name": "Can add location", "content_type": 21, "codename": "add_location"}}, {"model": "auth.permission", "pk": 82, "fields": {"name": "Can change location", "content_type": 21, "codename": "change_location"}}, {"model": "auth.permission", "pk": 83, "fields": {"name": "Can delete location", "content_type": 21, "codename": "delete_location"}}, {"model": "auth.permission", "pk": 84, "fields": {"name": "Can view location", "content_type": 21, "codename": "view_location"}}, {"model": "auth.permission", "pk": 85, "fields": {"name": "Can add application", "content_type": 22, "codename": "add_application"}}, {"model": "auth.permission", "pk": 86, "fields": {"name": "Can change application", "content_type": 22, "codename": "change_application"}}, {"model": "auth.permission", "pk": 87, "fields": {"name": "Can delete application", "content_type": 22, "codename": "delete_application"}}, {"model": "auth.permission", "pk": 88, "fields": {"name": "Can view application", "content_type": 22, "codename": "view_application"}}, {"model": "contenttypes.contenttype", "pk": 1, "fields": {"app_label": "admin", "model": "logentry"}}, {"model": "contenttypes.contenttype", "pk": 2, "fields": {"app_label": "auth", "model": "permission"}}, {"model": "contenttypes.contenttype", "pk": 3, "fields": {"app_label": "auth", "model": "group"}}, {"model": "contenttypes.contenttype", "pk": 4, "fields": {"app_label": "contenttypes", "model": "contenttype"}}, {"model": "contenttypes.contenttype", "pk": 5, "fields": {"app_label": "sessions", "model": "session"}}, {"model": "contenttypes.contenttype", "pk": 6, "fields": {"app_label": "usersApp", "model": "user"}}, {"model": "contenttypes.contenttype", "pk": 7, "fields": {"app_label": "usersApp", "model": "recruiteeuser"}}, {"model": "contenttypes.contenttype", "pk": 8, "fields": {"app_label": "usersApp", "model": "companyuser"}}, {"model": "contenttypes.contenttype", "pk": 9, "fields": {"app_label": "companiesApp", "model": "company"}}, {"model": "contenttypes.contenttype", "pk": 10, "fields": {"app_label": "jobsApp", "model": "job"}}, {"model": "contenttypes.contenttype", "pk": 11, "fields": {"app_label": "jobsApp", "model": "skill"}}, {"model": "contenttypes.contenttype", "pk": 12, "fields": {"app_label": "jobsApp", "model": "jobskills"}}, {"model": "sessions.session", "pk": "cs6zfwkor48wxx4ivnr46zyq182426u2", "fields": {"session_data": ".eJxVjDsOwyAQBe9CHSE-wkDK9DkD2l2W4CTCkrErK3ePLblI2jczbxMJ1qWmtfOcxiyuQovL74ZAL24HyE9oj0nS1JZ5RHko8qRd3qfM79vp_h1U6HWvizKqkGProrXEAzEbFQNn9BGU9zoyDMZF0NoZLMQhFARl944ZkcTnC_C2OLw:1qoi2S:Xh_T-lWHIygvfeqaQ1tQfYUsRxg5TBGoy_IUIwhwyWc", "expire_date": "2023-10-20T10:26:32.987Z"}}, {"model": "sessions.session", "pk": "kzaeerk1duzg1isf5adf3d36qj8vkdw1", "fields": {"session_data": ".eJxVjDsOwyAQBe9CHSE-wkDK9DkD2l2W4CTCkrErK3ePLblI2jczbxMJ1qWmtfOcxiyuQovL74ZAL24HyE9oj0nS1JZ5RHko8qRd3qfM79vp_h1U6HWvizKqkGProrXEAzEbFQNn9BGU9zoyDMZF0NoZLMQhFARl944ZkcTnC_C2OLw:1rnIEo:9FqKqv7pNfyp-qvtXQ2s_ag-PJUtRwttx0kAcAcXTgM", "expire_date": "2024-04-04T13:13:42.164Z"}}, {"model": "sessions.session", "pk": "mj50eich024e7smir1vx0e9119gmgrnd", "fields": {"session_data": ".eJxVjDsOwyAQBe9CHSE-wkDK9DkD2l2W4CTCkrErK3ePLblI2jczbxMJ1qWmtfOcxiyuQovL74ZAL24HyE9oj0nS1JZ5RHko8qRd3qfM79vp_h1U6HWvizKqkGProrXEAzEbFQNn9BGU9zoyDMZF0NoZLMQhFARl944ZkcTnC_C2OLw:1rcp5c:7W1pwRHBCyxrTx9IkPAZoBYtJ7BOjtUsMmstowr_si8", "expire_date": "2024-03-06T16:04:56.580Z"}}, {"model": "sessions.session", "pk": "pjwbdptbqn6e121iqvkfa0du786flw2l", "fields": {"session_data": ".eJxVjDsOwyAQBe9CHSE-wkDK9DkD2l2W4CTCkrErK3ePLblI2jczbxMJ1qWmtfOcxiyuQovL74ZAL24HyE9oj0nS1JZ5RHko8qRd3qfM79vp_h1U6HWvizKqkGProrXEAzEbFQNn9BGU9zoyDMZF0NoZLMQhFARl944ZkcTnC_C2OLw:1s25NK:mwrQwCsmrcpojjBle9vqtrWGxa2Tp6fF1SwT-dqLSxE", "expire_date": "2024-05-15T08:31:38.479Z"}}, {"model": "sessions.session", "pk": "r1fworxvn4sihy7sjcr1tegmesl3mi1q", "fields": {"session_data": ".eJxVjDsOwyAQBe9CHSE-wkDK9DkD2l2W4CTCkrErK3ePLblI2jczbxMJ1qWmtfOcxiyuQovL74ZAL24HyE9oj0nS1JZ5RHko8qRd3qfM79vp_h1U6HWvizKqkGProrXEAzEbFQNn9BGU9zoyDMZF0NoZLMQhFARl944ZkcTnC_C2OLw:1rwJIo:Ci638_KYjqA_7NAgAKMA-ifTunQOHMSzeSPuku2z3jM", "expire_date": "2024-04-29T10:11:06.232Z"}}, {"model": "sessions.session", "pk": "wpco3zw8fxmgmcl5005iomsxn1vi14uo", "fields": {"session_data": ".eJxVjDsOwyAQBe9CHSE-wkDK9DkD2l2W4CTCkrErK3ePLblI2jczbxMJ1qWmtfOcxiyuQovL74ZAL24HyE9oj0nS1JZ5RHko8qRd3qfM79vp_h1U6HWvizKqkGProrXEAzEbFQNn9BGU9zoyDMZF0NoZLMQhFARl944ZkcTnC_C2OLw:1rhtuL:MksSbAegg72Ys-zTqa1qhtd6ibdEr9we3vYj2dK8weA", "expire_date": "2024-03-20T16:14:17.139Z"}}, {"model": "usersApp.user", "pk": 1, "fields": {"password": "pbkdf2_sha256$600000$undIW2rMFy2P1ngyLMqHtL$RTwax9JTBy7SneJpuqsKcs84UIEZ6kqiKNkt5AekT7s=", "last_login": "2024-05-01T08:31:38.467Z", "is_superuser": true, "username": "diana", "first_name": "", "last_name": "", "is_staff": true, "is_active": true, "date_joined": "2023-10-06T10:26:01.647Z", "email": "diana_ioana_danciu@yahoo.ro", "profile_pic": "", "cover_photo": "", "groups": [], "user_permissions": []}}, {"model": "usersApp.user", "pk": 2, "fields": {"password": "diana", "last_login": null, "is_superuser": false, "username": "firstCompanyUser", "first_name": "", "last_name": "", "is_staff": false, "is_active": true, "date_joined": "2023-10-06T10:40:44Z", "email": "firstCompanyUser@gmail.com", "profile_pic": "", "cover_photo": "", "groups": [], "user_permissions": []}}, {"model": "usersApp.user", "pk": 3, "fields": {"password": "diana", "last_login": null, "is_superuser": false, "username": "firstRecruiteeUser", "first_name": "", "last_name": "", "is_staff": false, "is_active": true, "date_joined": "2023-10-06T10:41:57Z", "email": "firstRecruiteeUser@gmail.com", "profile_pic": "", "cover_photo": "", "groups": [], "user_permissions": []}}, {"model": "usersApp.user", "pk": 4, "fields": {"password": "pbkdf2_sha256$600000$AS0LIbkv0wIIuKnJmCjVvv$WZG0VK/dBcuwZpytzd8xpni7hWeFLJ0arOa+3OjViOY=", "last_login": null, "is_superuser": false, "username": "RecruiteeUser", "first_name": "", "last_name": "", "is_staff": false, "is_active": true, "date_joined": "2023-10-09T10:33:42.417Z", "email": "myemail@gmail.com", "profile_pic": "", "cover_photo": "", "groups": [], "user_permissions": []}}, {"model": "usersApp.user", "pk": 6, "fields": {"password": "pbkdf2_sha256$600000$qYprMxjleTlp2YN7BSYIDB$ozl11zTXefDZ8sYDAYNpEmUt0vTYJ7LEoqCElv+Q5Ds=", "last_login": null, "is_superuser": false, "username": "CompanyUser1", "first_name": "", "last_name": "", "is_staff": false, "is_active": true, "date_joined": "2023-10-09T12:49:49.315Z", "email": "companyuser1@yahoo.com", "profile_pic": "", "cover_photo": "", "groups": [], "user_permissions": []}}, {"model": "usersApp.user", "pk": 7, "fields": {"password": "pbkdf2_sha256$600000$4ilMJO2hNfB0oRSzDtPO3F$fBspHCoJkackEqPimo/zV7pDzAXtQuX4OPBIfXdmO88=", "last_login": null, "is_superuser": false, "username": "CompanyUser2", "first_name": "", "last_name": "", "is_staff": false, "is_active": true, "date_joined": "2023-10-09T12:59:26.759Z", "email": "companyuser2@yahoo.com", "profile_pic": "", "cover_photo": "", "groups": [], "user_permissions": []}}, {"model": "usersApp.user", "pk": 8, "fields": {"password": "pbkdf2_sha256$600000$w45J13d8hd8ygBzhBN7uok$53fy9DLWJcDnQShG2HBzQ5EctfNE9YmxbhmawhbaM2A=", "last_login": null, "is_superuser": false, "username": "recruitee", "first_name": "John", "last_name": "Dunkin", "is_staff": false, "is_active": true, "date_joined": "2023-10-09T13:05:21Z", "email": "recruitee@yahoo.com", "profile_pic": "", "cover_photo": "", "groups": [], "user_permissions": []}}, {"model": "usersApp.user", "pk": 9, "fields": {"password": "pbkdf2_sha256$600000$UhcxES0K6qI238EOnhco8P$7mZoFV+JIMQJali/R5FePwdDsRCt/iK5v232Sq53eKQ=", "last_login": null, "is_superuser": false, "username": "companyuseeeer", "first_name": "", "last_name": "", "is_staff": false, "is_active": true, "date_joined": "2023-10-09T13:07:10.562Z", "email": "myemail@yahoo.com", "profile_pic": "", "cover_photo": "", "groups": [], "user_permissions": []}}, {"model": "usersApp.user", "pk": 10, "fields": {"password": "pbkdf2_sha256$600000$niTIY0Ltu5lUFXcLbZ9Ife$6WY6UX+RO4ODDKR+lMOKSdQnqpS3MfoFynY+uJwRkOI=", "last_login": null, "is_superuser": false, "username": "CompanyUser3", "first_name": "Alex", "last_name": "Duncan", "is_staff": false, "is_active": true, "date_joined": "2024-02-21T16:18:29Z", "email": "companyuser3@yahoo.com", "profile_pic": "default_profile_pic.jpeg", "cover_photo": "default_cover_photo.jpeg", "groups": [], "user_permissions": []}}, {"model": "usersApp.user", "pk": 11, "fields": {"password": "pbkdf2_sha256$600000$D3ZjWgEsPl84ZtfRbbIAG6$40vLbJHP3BYN0Qt97KreaUoXAPFi0JJFJ6P8+9j6hY0=", "last_login": null, "is_superuser": false, "username": "CompanyUser4", "first_name": "", "last_name": "", "is_staff": false, "is_active": true, "date_joined": "2024-02-21T16:20:54.453Z", "email": "companyuser4@yahoo.com", "profile_pic": "default_profile_pic.jpeg", "cover_photo": "default_cover_photo.jpeg", "groups": [], "user_permissions": []}}, {"model": "usersApp.user", "pk": 12, "fields": {"password": "pbkdf2_sha256$600000$uK8PpaY9fd6FKs3Xuv4oZD$fBMrRZVhV5uzSWmNxjAAB9KRlGQvdDPBMKlMMH1btuQ=", "last_login": null, "is_superuser": false, "username": "mariabaldwin", "first_name": "Maria", "last_name": "Baldwin", "is_staff": false, "is_active": true, "date_joined": "2024-02-21T16:24:50Z", "email": "mariabaldwin@yahoo.com", "profile_pic": "default_profile_pic.jpeg", "cover_photo": "default_cover_photo.jpeg", "groups": [], "user_permissions": []}}, {"model": "usersApp.user", "pk": 13, "fields": {"password": "pbkdf2_sha256$600000$bxbZDeo9agsyShNyeOLS2t$L2988Ehbi5C6bBP6KEDXj1ira2htHhjaF/RIe8tYcac=", "last_login": null, "is_superuser": false, "username": "chrisbrown", "first_name": "Chris", "last_name": "Brown", "is_staff": false, "is_active": true, "date_joined": "2024-02-21T16:30:38Z", "email": "chrisbrown@yahoo.com", "profile_pic": "profile_pics/Screenshot_2024-02-21_160953_q6UhBHS.png", "cover_photo": "cover_photos/Screenshot_2024-02-21_161021_WN1tg59.png", "groups": [], "user_permissions": []}}, {"model": "usersApp.user", "pk": 14, "fields": {"password": "pbkdf2_sha256$600000$gBD374DHC7Tj7BIHnTNiYF$ZVsEPqNgrX4CHEPOQIJQuwxMRpv2COqhW5EV5K1FLow=", "last_login": null, "is_superuser": false, "username": "justinlawrence", "first_name": "Justin", "last_name": "Lawrence", "is_staff": false, "is_active": true, "date_joined": "2024-02-23T11:23:20Z", "email": "justinlawrence@yahoo.com", "profile_pic": "profile_pics/Screenshot_2024-02-23_132235.png", "cover_photo": "cover_photos/Screenshot_2024-02-23_132304.png", "groups": [], "user_permissions": []}}, {"model": "usersApp.user", "pk": 15, "fields": {"password": "pbkdf2_sha256$600000$VKroZCrVXgTFYdFoZqiQvL$2guqZIFjj29QMA5q14uvf8rGA3LP1VJ8TyIaiGA8Qrw=", "last_login": null, "is_superuser": false, "username": "alexanderjames", "first_name": "Alexander", "last_name": "James", "is_staff": false, "is_active": true, "date_joined": "2024-04-12T09:10:26.509Z", "email": "alexanderjames@yahoo.com", "profile_pic": "profile_pics/Screenshot_2024-04-12_115614.png", "cover_photo": "cover_photos/Screenshot_2024-04-12_115640.png", "groups": [], "user_permissions": []}}, {"model": "usersApp.user", "pk": 16, "fields": {"password": "pbkdf2_sha256$600000$cP8EZ2BBB9efd1UqzFFefZ$M2vAoioF5yyn+3hbVoCmQNHO0nQZyZSa/ElNN85M1eo=", "last_login": null, "is_superuser": false, "username": "emmabrown", "first_name": "Emma", "last_name": "Brown", "is_staff": false, "is_active": true, "date_joined": "2024-04-19T09:02:00.469Z", "email": "emmabrown@yahoo.com", "profile_pic": "profile_pics/Screenshot_2024-04-19_120056.png", "cover_photo": "cover_photos/Screenshot_2024-04-19_120130.png", "groups": [], "user_permissions": []}}, {"model": "usersApp.recruiteeuser", "pk": 3, "fields": {"cv": "", "profile_description": null, "school": null, "university": null, "work_experience": null}}, {"model": "usersApp.recruiteeuser", "pk": 4, "fields": {"cv": "", "profile_description": null, "school": null, "university": null, "work_experience": null}}, {"model": "usersApp.recruiteeuser", "pk": 8, "fields": {"cv": "", "profile_description": "Enthusiastic and detail-oriented Junior Backend Developer with a foundational knowledge of multiple programming languages, including Python, Java, and Node.js, and a deep understanding of database management. A recent graduate in Computer Science, my academic and project-based experience has equipped me with the skills to create, optimize, and manage backend functionalities for various web applications. Proficient in utilizing various frameworks and committed to writing clean and efficient code. Eager to bring a fresh perspective and innovative solutions to a dynamic development team where I can contribute to and expand my skills in backend development.\r\n\r\nDuring my academic journey, I have successfully developed and managed the backend of several projects, which included API development, server management, and database optimization. My strong analytical skills and dedication to completing projects on time have been praised by professors and team members alike.\r\n\r\nIn addition to my technical skills, I bring strong problem-solving abilities, a keen attention to detail, and an endless desire to learn new technologies and methodologies. My ability to communicate effectively and work collaboratively within a team allows me to navigate through challenges and contribute to project success.\r\n\r\nI am excited to leverage my skills in a professional setting and am confident in my ability to bring a unique perspective to your team. Looking forward to collaborating with seasoned professionals from whom I can learn and contribute to the successful delivery of innovative, high-quality software solutions.", "school": "High School Diploma at California High School", "university": "Bachelor of Science in Computer Science at California University", "work_experience": "Intern Backend Developer\r\nNewConcept Florida, 2019-2022\r\nCollaborated with the development team in building robust backend structures for e-commerce websites.\r\nAssisted in API development and integration, ensuring seamless communication between frontend and backend.\r\nInvolved in database design, management, and optimization to ensure efficient data retrieval and storage.\r\nConducted code reviews and debugging to maintain code quality and functionality."}}, {"model": "usersApp.recruiteeuser", "pk": 12, "fields": {"cv": "cvs/cv_qho8w5G.pdf", "profile_description": "A dedicated and results-driven software engineer with over 5 years of experience in developing high-quality, scalable web applications. Passionate about leveraging modern technology stacks to solve complex problems and improve user experiences. Adept at working in fast-paced environments, consistently meeting deadlines, and collaborating effectively with cross-functional teams. Seeking to bring strong coding skills, innovative thinking, and a proven track record of successful project delivery to a dynamic and forward-thinking company.", "school": "High School: Springfield Central High School, Springfield Graduated: 2014", "university": "Bachelor of Science in Computer Science University: Massachusetts Institute of Technology (MIT), Cambridge, MA Graduation Year: 2018 Key Courses: Data Structures and Algorithms, Web Development, Machine Learning, Database Systems", "work_experience": "Junior Web Developer at TechSolutions Inc.\r\n\r\nDuration: June 2018 - August 2020\r\nResponsibilities: Developed and maintained client websites using HTML, CSS, JavaScript, and PHP. Assisted in the development of a custom CMS using Laravel. Conducted website testing and troubleshooting.\r\nAchievements: Improved website loading times by 30% through optimization techniques.\r\nSoftware Engineer at InnovateStart\r\n\r\nDuration: September 2020 - Present\r\nResponsibilities: Design and implement new features for a SaaS product using React and Node.js. Work closely with the product team to define feature specifications. Lead the backend team in developing API services.\r\nAchievements: Led the development of a key feature that increased user engagement by 20%. Mentored junior developers, improving team productivity by 25%."}}, {"model": "usersApp.recruiteeuser", "pk": 13, "fields": {"cv": "cvs/Your_CV_1_9k8Uvym.pdf", "profile_description": "An enthusiastic and dedicated education professional with over 7 years of experience in teaching, curriculum development, and educational leadership. Passionate about fostering inclusive and engaging learning environments that cater to diverse student needs. Skilled in integrating technology into the classroom to enhance learning outcomes. Committed to continuous professional development and collaborative teaching methods. Aiming to leverage my expertise in curriculum design and student assessment to contribute to the educational excellence at a forward-thinking institution.", "school": "High School: Lincoln High School, Anytown, USA Graduated: 2010", "university": "Bachelor of Arts in English Education  University: University of State, Anytown, USA Graduation Year: 2014 Key Courses: Instructional Strategies, Classroom Management, Educational Psychology, Special Education Fundamentals Master of Education in Curriculum and Instruction  University: Metropolitan University, Anytown, USA Graduation Year: 2016 Thesis: \"Integrating Digital Literacy into Secondary English Curricula: A Strategy for Enhancing Critical Thinking Skills\"", "work_experience": "English Teacher at Sunnydale High School\r\n\r\nDuration: August 2014 - June 2017\r\nResponsibilities: Taught English Literature and Language Arts to grades 9-12. Developed and implemented a new curriculum focused on enhancing critical thinking and analytical skills through literature. Integrated digital tools into lesson plans to improve engagement and learning outcomes.\r\nAchievements: Led the English Department in adopting a new digital literacy program, resulting in a 15% improvement in student literacy scores.\r\nCurriculum Developer at EdTech Innovations\r\n\r\nDuration: July 2017 - Present\r\nResponsibilities: Work closely with subject matter experts to design and revise curriculum materials for K-12 schools across the country. Conduct research on educational trends to inform curriculum development. Facilitate professional development workshops for teachers on implementing new curricula and instructional strategies.\r\nAchievements: Spearheaded the development of an interdisciplinary curriculum that has been adopted by over 200 schools nationwide. Received the Innovator in Education Award in 2019 for outstanding contributions to curriculum design."}}, {"model": "usersApp.recruiteeuser", "pk": 14, "fields": {"cv": "cvs/Your_CV_2.pdf", "profile_description": "Name: Alex Rivera\r\nAge: 28\r\nLocation: San Francisco, California\r\nObjective: A highly motivated and experienced software developer seeking to leverage extensive background in software engineering, team collaboration, and innovative problem-solving skills to contribute to the technological advancements at a forward-thinking company.", "school": "", "university": "University of California, Berkeley Bachelor of Science in Computer Science Graduated: May 2018  Graduated with Honors, GPA: 3.8/4.0 Relevant coursework: Data Structures, Algorithms, Computer Systems, and Artificial Intelligence. Projects: Developed a predictive text application using machine learning algorithms; Built a scalable web application for event management. Coding Bootcamp - Hack Reactor Software Engineering Immersive Program Completed: August 2018  Intensive 12-week program focused on full-stack web development. Gained proficiency in JavaScript, React, Node.js, Express, MongoDB, and agile methodologies.", "work_experience": "Software Developer at Tech Innovations Inc.\r\nSan Francisco, California  September 2018 to Present\r\n\r\nDeveloped and maintained high-traffic web applications, leading to a 25% increase in user engagement.\r\nImplemented features for a real-time analytics dashboard used by clients to make data-driven decisions.\r\nWorked closely with the product team to refine project specs and deadlines, improving project delivery time by 15%.\r\nMentored junior developers, providing guidance on best practices and code reviews to enhance team skills and product quality.\r\nSoftware Engineering Intern at Startup Hub\r\nSan Francisco, California  June 2017 to August 2017\r\n\r\nAssisted in the development of a mobile app that streamlined the process for small businesses to connect with potential customers, resulting in a beta release that attracted over 10,000 sign-ups.\r\nCollaborated with cross-functional teams to troubleshoot and resolve bugs, enhancing user satisfaction and app stability."}}, {"model": "usersApp.recruiteeuser", "pk": 15, "fields": {"cv": "cvs/Your_CV_ap6lXuM.pdf", "profile_description": "Alexander James, known professionally as Alex, is a dynamic and innovative photographer based in Melbourne, Australia. With over a decade of experience behind the lens, Alex specializes in landscape, urban, and portrait photography. His unique approach combines traditional techniques with modern digital editing, creating visually stunning images that capture the essence of the moment. Alex's work is characterized by vibrant colors and dramatic contrasts, often exploring the interplay of light and shadow in everyday settings.", "school": "North Melbourne High School, Melbourne, Australia Graduated: 2009", "university": "University of Melbourne, Melbourne, Australia Graduated: 2015", "work_experience": "Freelance Photographer, Melbourne (2015-Present)\r\nWorking with various local and international clients on commercial and artistic projects. Regular contributor to photography magazines and online platforms.\r\nPhotography Assistant, John Doe Studios, Melbourne (2012-2015)\r\nAssisted in shooting, editing, and organizing various photographic assignments, enhancing skills in lighting and composition."}}, {"model": "usersApp.recruiteeuser", "pk": 16, "fields": {"cv": "cvs/Your_CV_S8zEXx2.pdf", "profile_description": "here are many variations of passages of Lorem Ipsum available, but the majority have suffered alteration in some form, by injected humour, or randomised words which don't look even slightly believable. If you are going to use a passage of Lorem Ipsum, you need to be sure there isn't anything embarrassing hidden in the middle of text. All the Lorem Ipsum generators on the Internet tend to repeat predefined chunks as necessary, making this the first true generator on the Internet. It uses a dictionary of over 200 Latin words, combined with a handful of model sentence structures, to generate Lorem Ipsum which looks reasonable. The generated Lorem Ipsum is therefore always free from repetition, injected humour, or non-characteristic words etc", "school": "Washington Highschool", "university": "California University", "work_experience": "here are many variations of passages of Lorem Ipsum available, but the majority have suffered alteration in some form, by injected humour, or randomised words which don't look even slightly believable. If you are going to use a passage of Lorem Ipsum, you need to be sure there isn't anything embarrassing hidden in the middle of text. All the Lorem Ipsum generators on the Internet tend to repeat predefined chunks as necessary, making this the first true generator on the Internet. It uses a dictionary of over 200 Latin words, combined with a handful of model sentence structures, to generate Lorem Ipsum which looks reasonable. The generated Lorem Ipsum is therefore always free from repetition, injected humour, or non-characteristic words etc"}}, {"model": "usersApp.companyuser", "pk": 2, "fields": {"company": 2}}, {"model": "usersApp.companyuser", "pk": 6, "fields": {"company": 2}}, {"model": "usersApp.companyuser", "pk": 7, "fields": {"company": 2}}, {"model": "usersApp.companyuser", "pk": 9, "fields": {"company": 2}}, {"model": "usersApp.companyuser", "pk": 10, "fields": {"company": 1}}, {"model": "usersApp.companyuser", "pk": 11, "fields": {"company": 1}}, {"model": "companiesApp.company", "pk": 1, "fields": {"name": "Primary School", "profile_pic": "profile_pics/default_profile_pic_bXOkayY.jpeg", "cover_photo": "cover_photos/default_cover_photo_6edk4mk.jpeg", "location": 5}}, {"model": "companiesApp.company", "pk": 2, "fields": {"name": "AviationNo1", "profile_pic": "profile_pics/default_profile_pic_VOKFFCE.jpeg", "cover_photo": "cover_photos/default_cover_photo_sDaCF2Y.jpeg", "location": 6}}, {"model": "companiesApp.company", "pk": 3, "fields": {"name": "SoftwareStudio", "profile_pic": "profile_pics/default_profile_pic_XTS1OVh.jpeg", "cover_photo": "cover_photos/default_cover_photo_FrTUiG8.jpeg", "location": 41}}, {"model": "jobsApp.job", "pk": 1, "fields": {"name": "Primary Teacher", "description": "Work with children and teach primary school subjects.", "company": 1, "profile_pic": "profile_pics/default_profile_pic_XxsWeq7.jpeg", "cover_photo": "cover_photos/default_cover_photo_gTEOcXK.jpeg", "location": 41, "is_remote": false}}, {"model": "jobsApp.job", "pk": 2, "fields": {"name": "Primary Teacher", "description": "You have to work with children and teach them primary school subjects.", "company": 1, "profile_pic": "profile_pics/default_profile_pic_r6WmDtJ.jpeg", "cover_photo": "cover_photos/default_cover_photo_7r8nNAL.jpeg", "location": 5, "is_remote": false}}, {"model": "jobsApp.job", "pk": 4, "fields": {"name": "Software Engineer", "description": "An experienced developer is in need.", "company": 3, "profile_pic": "profile_pics/default_profile_pic.jpeg", "cover_photo": "cover_photos/default_cover_photo.jpeg", "location": 41, "is_remote": true}}, {"model": "jobsApp.skill", "pk": 1, "fields": {"name": "teamwork"}}, {"model": "jobsApp.skill", "pk": 2, "fields": {"name": "flexibility"}}, {"model": "jobsApp.skill", "pk": 3, "fields": {"name": "patience"}}, {"model": "jobsApp.skill", "pk": 4, "fields": {"name": "python"}}, {"model": "jobsApp.skill", "pk": 6, "fields": {"name": "java"}}, {"model": "jobsApp.skill", "pk": 7, "fields": {"name": "SQL"}}, {"model": "jobsApp.skill", "pk": 8, "fields": {"name": "react"}}, {"model": "jobsApp.skill", "pk": 9, "fields": {"name": "django"}}, {"model": "jobsApp.skill", "pk": 10, "fields": {"name": "javascript"}}, {"model": "jobsApp.skill", "pk": 11, "fields": {"name": "php"}}, {"model": "jobsApp.skill", "pk": 12, "fields": {"name": "spring"}}, {"model": "jobsApp.skill", "pk": 13, "fields": {"name": "angular"}}, {"model": "jobsApp.skill", "pk": 14, "fields": {"name": "css"}}, {"model": "jobsApp.jobskills", "pk": 1, "fields": {"job": 1, "skill": 1}}, {"model": "jobsApp.jobskills", "pk": 2, "fields": {"job": 1, "skill": 2}}, {"model": "jobsApp.jobskills", "pk": 5, "fields": {"job": 4, "skill": 4}}, {"model": "jobsApp.jobskills", "pk": 6, "fields": {"job": 4, "skill": 6}}, {"model": "jobsApp.jobskills", "pk": 8, "fields": {"job": 4, "skill": 13}}, {"model": "jobsApp.application", "pk": 5, "fields": {"job": 1, "recruitee": 14, "interview": null, "acceptedForQuiz": true, "accepted": true}}, {"model": "jobsApp.application", "pk": 6, "fields": {"job": 4, "recruitee": 14, "interview": null, "acceptedForQuiz": true, "accepted": false}}, {"model": "jobsApp.application", "pk": 7, "fields": {"job": 2, "recruitee": 14, "interview": null, "acceptedForQuiz": false, "accepted": null}}, {"model": "jobsApp.application", "pk": 8, "fields": {"job": 1, "recruitee": 13, "interview": null, "acceptedForQuiz": true, "accepted": false}}, {"model": "jobsApp.application", "pk": 10, "fields": {"job": 1, "recruitee": 12, "interview": null, "acceptedForQuiz": true, "accepted": false}}, {"model": "jobsApp.application", "pk": 15, "fields": {"job": 4, "recruitee": 13, "interview": null, "acceptedForQuiz": null, "accepted": null}}, {"model": "jobsApp.application", "pk": 16, "fields": {"job": 2, "recruitee": 13, "interview": null, "acceptedForQuiz": false, "accepted": null}}, {"model": "jobsApp.application", "pk": 17, "fields": {"job": 2, "recruitee": 12, "interview": null, "acceptedForQuiz": true, "accepted": true}}, {"model": "interviewsApp.interview", "pk": 2, "fields": {"job": 1, "company_user": 2, "recruitee_user": 3, "time": "2023-12-14T09:05:20Z", "interview_type": "QUIZ"}}, {"model": "interviewsApp.interview", "pk": 16, "fields": {"job": 1, "company_user": 10, "recruitee_user": 14, "time": null, "interview_type": "QUIZ"}}, {"model": "interviewsApp.interview", "pk": 19, "fields": {"job": 1, "company_user": 10, "recruitee_user": 13, "time": null, "interview_type": "QUIZ"}}, {"model": "interviewsApp.interview", "pk": 24, "fields": {"job": 1, "company_user": 10, "recruitee_user": 12, "time": null, "interview_type": "QUIZ"}}, {"model": "interviewsApp.interview", "pk": 25, "fields": {"job": 2, "company_user": 10, "recruitee_user": 12, "time": null, "interview_type": "QUIZ"}}, {"model": "interviewsApp.question", "pk": 1, "fields": {"question": "Which of the following statements about Python lists is true?"}}, {"model": "interviewsApp.question", "pk": 21, "fields": {"question": "Which planet is closest to the sun?"}}, {"model": "interviewsApp.question", "pk": 22, "fields": {"question": "What is the capital city of France?"}}, {"model": "interviewsApp.question", "pk": 23, "fields": {"question": "How many continents are there in the world?"}}, {"model": "interviewsApp.question", "pk": 24, "fields": {"question": "Which of the following is a primary color?"}}, {"model": "interviewsApp.question", "pk": 25, "fields": {"question": "Which of the following is a mammal?"}}, {"model": "interviewsApp.question", "pk": 30, "fields": {"question": "In primary education, which of the following subjects are typically included in the curriculum?"}}, {"model": "interviewsApp.question", "pk": 31, "fields": {"question": "What is the primary purpose of phonics instruction in early literacy education?"}}, {"model": "interviewsApp.question", "pk": 32, "fields": {"question": "In primary science education, what are the basic states of matter?"}}, {"model": "interviewsApp.question", "pk": 33, "fields": {"question": "In Java, which method is used to convert a string to all uppercase letters?"}}, {"model": "interviewsApp.question", "pk": 34, "fields": {"question": "Which Java keyword is used to indicate that a method will not return a value?"}}, {"model": "interviewsApp.question", "pk": 35, "fields": {"question": "What is the purpose of the \"final\" keyword in Java?"}}, {"model": "interviewsApp.question", "pk": 36, "fields": {"question": "In Java, which class is used to read input from the console?"}}, {"model": "interviewsApp.question", "pk": 37, "fields": {"question": "What is the purpose of the \"static\" keyword in Java?"}}, {"model": "interviewsApp.question", "pk": 38, "fields": {"question": "Which method is used to remove an element from a Java ArrayList by its index?"}}, {"model": "interviewsApp.question", "pk": 39, "fields": {"question": "In Java, which data type is used to represent a single Unicode character?"}}, {"model": "interviewsApp.question", "pk": 40, "fields": {"question": "What is the purpose of the \"break\" statement in Java?"}}, {"model": "interviewsApp.question", "pk": 41, "fields": {"question": "In Java, what is the correct way to declare a constant variable?"}}, {"model": "interviewsApp.question", "pk": 42, "fields": {"question": "Which method is used to convert a string representation of a number into an integer in Java?"}}, {"model": "interviewsApp.answer", "pk": 1, "fields": {"answer": "Lists preserve the order of elements.", "is_correct": true, "question": 1}}, {"model": "interviewsApp.answer", "pk": 2, "fields": {"answer": "Lists cannot have mixed types (like strings and integers).", "is_correct": false, "question": 1}}, {"model": "interviewsApp.answer", "pk": 3, "fields": {"answer": "You cannot change elements of a list once it is created.", "is_correct": false, "question": 1}}, {"model": "interviewsApp.answer", "pk": 4, "fields": {"answer": "Lists are defined using curly braces {}.", "is_correct": false, "question": 1}}, {"model": "interviewsApp.answer", "pk": 46, "fields": {"answer": "Mars", "is_correct": false, "question": 21}}, {"model": "interviewsApp.answer", "pk": 47, "fields": {"answer": "Venus", "is_correct": false, "question": 21}}, {"model": "interviewsApp.answer", "pk": 48, "fields": {"answer": "Mercury", "is_correct": true, "question": 21}}, {"model": "interviewsApp.answer", "pk": 49, "fields": {"answer": "Earth", "is_correct": false, "question": 21}}, {"model": "interviewsApp.answer", "pk": 50, "fields": {"answer": "London", "is_correct": false, "question": 22}}, {"model": "interviewsApp.answer", "pk": 51, "fields": {"answer": "Berlin", "is_correct": false, "question": 22}}, {"model": "interviewsApp.answer", "pk": 52, "fields": {"answer": "Paris", "is_correct": true, "question": 22}}, {"model": "interviewsApp.answer", "pk": 53, "fields": {"answer": "Rome", "is_correct": false, "question": 22}}, {"model": "interviewsApp.answer", "pk": 54, "fields": {"answer": "6", "is_correct": false, "question": 23}}, {"model": "interviewsApp.answer", "pk": 55, "fields": {"answer": "7", "is_correct": true, "question": 23}}, {"model": "interviewsApp.answer", "pk": 56, "fields": {"answer": "5", "is_correct": false, "question": 23}}, {"model": "interviewsApp.answer", "pk": 57, "fields": {"answer": "8", "is_correct": false, "question": 23}}, {"model": "interviewsApp.answer", "pk": 58, "fields": {"answer": "Green", "is_correct": false, "question": 24}}, {"model": "interviewsApp.answer", "pk": 59, "fields": {"answer": "Yellow", "is_correct": true, "question": 24}}, {"model": "interviewsApp.answer", "pk": 60, "fields": {"answer": "Red", "is_correct": true, "question": 24}}, {"model": "interviewsApp.answer", "pk": 61, "fields": {"answer": "Purple", "is_correct": false, "question": 24}}, {"model": "interviewsApp.answer", "pk": 62, "fields": {"answer": "Turtle", "is_correct": false, "question": 25}}, {"model": "interviewsApp.answer", "pk": 63, "fields": {"answer": "Dolphin", "is_correct": true, "question": 25}}, {"model": "interviewsApp.answer", "pk": 64, "fields": {"answer": "Snake", "is_correct": false, "question": 25}}, {"model": "interviewsApp.answer", "pk": 65, "fields": {"answer": "Crocodile", "is_correct": false, "question": 25}}, {"model": "interviewsApp.answer", "pk": 82, "fields": {"answer": "Mathematics", "is_correct": true, "question": 30}}, {"model": "interviewsApp.answer", "pk": 83, "fields": {"answer": "Biology", "is_correct": false, "question": 30}}, {"model": "interviewsApp.answer", "pk": 84, "fields": {"answer": "Physical Education", "is_correct": true, "question": 30}}, {"model": "interviewsApp.answer", "pk": 85, "fields": {"answer": "History", "is_correct": false, "question": 30}}, {"model": "interviewsApp.answer", "pk": 86, "fields": {"answer": "Teaching advanced grammar rules", "is_correct": false, "question": 31}}, {"model": "interviewsApp.answer", "pk": 87, "fields": {"answer": "Teaching letter-sound correspondence", "is_correct": true, "question": 31}}, {"model": "interviewsApp.answer", "pk": 88, "fields": {"answer": "Teaching sentence structure", "is_correct": false, "question": 31}}, {"model": "interviewsApp.answer", "pk": 89, "fields": {"answer": "Teaching historical literature", "is_correct": false, "question": 31}}, {"model": "interviewsApp.answer", "pk": 90, "fields": {"answer": "Solid", "is_correct": true, "question": 32}}, {"model": "interviewsApp.answer", "pk": 91, "fields": {"answer": "Plasma", "is_correct": false, "question": 32}}, {"model": "interviewsApp.answer", "pk": 92, "fields": {"answer": "Gas", "is_correct": true, "question": 32}}, {"model": "interviewsApp.answer", "pk": 93, "fields": {"answer": "Light", "is_correct": false, "question": 32}}, {"model": "interviewsApp.answer", "pk": 94, "fields": {"answer": "toUpperCase()", "is_correct": true, "question": 33}}, {"model": "interviewsApp.answer", "pk": 95, "fields": {"answer": "UpperCase()", "is_correct": false, "question": 33}}, {"model": "interviewsApp.answer", "pk": 96, "fields": {"answer": "toUpperCaseCase()", "is_correct": false, "question": 33}}, {"model": "interviewsApp.answer", "pk": 97, "fields": {"answer": "capitalize()", "is_correct": false, "question": 33}}, {"model": "interviewsApp.answer", "pk": 98, "fields": {"answer": "empty", "is_correct": false, "question": 34}}, {"model": "interviewsApp.answer", "pk": 99, "fields": {"answer": "nil", "is_correct": false, "question": 34}}, {"model": "interviewsApp.answer", "pk": 100, "fields": {"answer": "void", "is_correct": true, "question": 34}}, {"model": "interviewsApp.answer", "pk": 101, "fields": {"answer": "null", "is_correct": false, "question": 34}}, {"model": "interviewsApp.answer", "pk": 102, "fields": {"answer": "To declare a constant", "is_correct": true, "question": 35}}, {"model": "interviewsApp.answer", "pk": 103, "fields": {"answer": "To mark a method as not to be overridden", "is_correct": false, "question": 35}}, {"model": "interviewsApp.answer", "pk": 104, "fields": {"answer": "To indicate the end of a loop", "is_correct": false, "question": 35}}, {"model": "interviewsApp.answer", "pk": 105, "fields": {"answer": "To specify the final variable in an array", "is_correct": false, "question": 35}}, {"model": "interviewsApp.answer", "pk": 106, "fields": {"answer": "Console", "is_correct": false, "question": 36}}, {"model": "interviewsApp.answer", "pk": 107, "fields": {"answer": "InputReader", "is_correct": false, "question": 36}}, {"model": "interviewsApp.answer", "pk": 108, "fields": {"answer": "InputStreamReader", "is_correct": false, "question": 36}}, {"model": "interviewsApp.answer", "pk": 109, "fields": {"answer": "Scanner", "is_correct": true, "question": 36}}, {"model": "interviewsApp.answer", "pk": 110, "fields": {"answer": "To declare a method or variable as belonging to the class, rather than instances of the class", "is_correct": true, "question": 37}}, {"model": "interviewsApp.answer", "pk": 111, "fields": {"answer": "To prevent inheritance", "is_correct": false, "question": 37}}, {"model": "interviewsApp.answer", "pk": 112, "fields": {"answer": "To indicate that a method can be overridden", "is_correct": false, "question": 37}}, {"model": "interviewsApp.answer", "pk": 113, "fields": {"answer": "To specify a constant value", "is_correct": false, "question": 37}}, {"model": "interviewsApp.answer", "pk": 114, "fields": {"answer": "delete()", "is_correct": false, "question": 38}}, {"model": "interviewsApp.answer", "pk": 115, "fields": {"answer": "erase()", "is_correct": false, "question": 38}}, {"model": "interviewsApp.answer", "pk": 116, "fields": {"answer": "remove()", "is_correct": true, "question": 38}}, {"model": "interviewsApp.answer", "pk": 117, "fields": {"answer": "discard()", "is_correct": false, "question": 38}}, {"model": "interviewsApp.answer", "pk": 118, "fields": {"answer": "cha", "is_correct": true, "question": 39}}, {"model": "interviewsApp.answer", "pk": 119, "fields": {"answer": "character", "is_correct": false, "question": 39}}, {"model": "interviewsApp.answer", "pk": 120, "fields": {"answer": "string", "is_correct": false, "question": 39}}, {"model": "interviewsApp.answer", "pk": 121, "fields": {"answer": "byte", "is_correct": false, "question": 39}}, {"model": "interviewsApp.answer", "pk": 122, "fields": {"answer": "To exit a loop or switch statement", "is_correct": true, "question": 40}}, {"model": "interviewsApp.answer", "pk": 123, "fields": {"answer": "To skip the current iteration of a loop", "is_correct": false, "question": 40}}, {"model": "interviewsApp.answer", "pk": 124, "fields": {"answer": "To define a case in a switch statement", "is_correct": false, "question": 40}}, {"model": "interviewsApp.answer", "pk": 125, "fields": {"answer": "To indicate the end of a method", "is_correct": false, "question": 40}}, {"model": "interviewsApp.answer", "pk": 126, "fields": {"answer": "static final int CONSTANT_NAME = value;", "is_correct": false, "question": 41}}, {"model": "interviewsApp.answer", "pk": 127, "fields": {"answer": "int CONSTANT_NAME = value;", "is_correct": false, "question": 41}}, {"model": "interviewsApp.answer", "pk": 128, "fields": {"answer": "constant int CONSTANT_NAME = value;", "is_correct": false, "question": 41}}, {"model": "interviewsApp.answer", "pk": 129, "fields": {"answer": "final int CONSTANT_NAME = value;", "is_correct": true, "question": 41}}, {"model": "interviewsApp.answer", "pk": 130, "fields": {"answer": "toInteger()", "is_correct": false, "question": 42}}, {"model": "interviewsApp.answer", "pk": 131, "fields": {"answer": "convertToInt()", "is_correct": false, "question": 42}}, {"model": "interviewsApp.answer", "pk": 132, "fields": {"answer": "stringToInt()", "is_correct": false, "question": 42}}, {"model": "interviewsApp.answer", "pk": 133, "fields": {"answer": "parseInt()", "is_correct": true, "question": 42}}, {"model": "interviewsApp.quizquestion", "pk": 1, "fields": {"quiz_interview": 2, "question": 1}}, {"model": "interviewsApp.quizquestion", "pk": 6, "fields": {"quiz_interview": 16, "question": 21}}, {"model": "interviewsApp.quizquestion", "pk": 7, "fields": {"quiz_interview": 16, "question": 22}}, {"model": "interviewsApp.quizquestion", "pk": 8, "fields": {"quiz_interview": 16, "question": 23}}, {"model": "interviewsApp.quizquestion", "pk": 9, "fields": {"quiz_interview": 19, "question": 24}}, {"model": "interviewsApp.quizquestion", "pk": 10, "fields": {"quiz_interview": 19, "question": 25}}, {"model": "interviewsApp.quizquestion", "pk": 12, "fields": {"quiz_interview": 24, "question": 30}}, {"model": "interviewsApp.quizquestion", "pk": 13, "fields": {"quiz_interview": 24, "question": 31}}, {"model": "interviewsApp.quizquestion", "pk": 14, "fields": {"quiz_interview": 24, "question": 32}}, {"model": "interviewsApp.quizquestion", "pk": 15, "fields": {"quiz_interview": 25, "question": 33}}, {"model": "interviewsApp.quizquestion", "pk": 16, "fields": {"quiz_interview": 25, "question": 34}}, {"model": "interviewsApp.quizquestion", "pk": 17, "fields": {"quiz_interview": 25, "question": 35}}, {"model": "interviewsApp.quizquestion", "pk": 18, "fields": {"quiz_interview": 25, "question": 36}}, {"model": "interviewsApp.quizquestion", "pk": 19, "fields": {"quiz_interview": 25, "question": 37}}, {"model": "interviewsApp.quizquestion", "pk": 20, "fields": {"quiz_interview": 25, "question": 38}}, {"model": "interviewsApp.quizquestion", "pk": 21, "fields": {"quiz_interview": 25, "question": 39}}, {"model": "interviewsApp.quizquestion", "pk": 22, "fields": {"quiz_interview": 25, "question": 40}}, {"model": "interviewsApp.quizquestion", "pk": 23, "fields": {"quiz_interview": 25, "question": 41}}, {"model": "interviewsApp.quizquestion", "pk": 24, "fields": {"quiz_interview": 25, "question": 42}}, {"model": "interviewsApp.usersanswer", "pk": 12, "fields": {"quiz_question": 6, "answer": 46, "is_correct": false}}, {"model": "interviewsApp.usersanswer", "pk": 13, "fields": {"quiz_question": 6, "answer": 47, "is_correct": false}}, {"model": "interviewsApp.usersanswer", "pk": 14, "fields": {"quiz_question": 6, "answer": 48, "is_correct": true}}, {"model": "interviewsApp.usersanswer", "pk": 15, "fields": {"quiz_question": 6, "answer": 49, "is_correct": false}}, {"model": "interviewsApp.usersanswer", "pk": 16, "fields": {"quiz_question": 7, "answer": 50, "is_correct": false}}, {"model": "interviewsApp.usersanswer", "pk": 17, "fields": {"quiz_question": 7, "answer": 51, "is_correct": false}}, {"model": "interviewsApp.usersanswer", "pk": 18, "fields": {"quiz_question": 7, "answer": 52, "is_correct": true}}, {"model": "interviewsApp.usersanswer", "pk": 19, "fields": {"quiz_question": 7, "answer": 53, "is_correct": false}}, {"model": "interviewsApp.usersanswer", "pk": 20, "fields": {"quiz_question": 8, "answer": 54, "is_correct": false}}, {"model": "interviewsApp.usersanswer", "pk": 21, "fields": {"quiz_question": 8, "answer": 55, "is_correct": true}}, {"model": "interviewsApp.usersanswer", "pk": 22, "fields": {"quiz_question": 8, "answer": 56, "is_correct": false}}, {"model": "interviewsApp.usersanswer", "pk": 23, "fields": {"quiz_question": 8, "answer": 57, "is_correct": false}}, {"model": "interviewsApp.usersanswer", "pk": 36, "fields": {"quiz_question": 9, "answer": 58, "is_correct": false}}, {"model": "interviewsApp.usersanswer", "pk": 37, "fields": {"quiz_question": 9, "answer": 59, "is_correct": true}}, {"model": "interviewsApp.usersanswer", "pk": 38, "fields": {"quiz_question": 9, "answer": 60, "is_correct": false}}, {"model": "interviewsApp.usersanswer", "pk": 39, "fields": {"quiz_question": 9, "answer": 61, "is_correct": false}}, {"model": "interviewsApp.usersanswer", "pk": 40, "fields": {"quiz_question": 10, "answer": 62, "is_correct": false}}, {"model": "interviewsApp.usersanswer", "pk": 41, "fields": {"quiz_question": 10, "answer": 63, "is_correct": true}}, {"model": "interviewsApp.usersanswer", "pk": 42, "fields": {"quiz_question": 10, "answer": 64, "is_correct": false}}, {"model": "interviewsApp.usersanswer", "pk": 43, "fields": {"quiz_question": 10, "answer": 65, "is_correct": false}}, {"model": "interviewsApp.usersanswer", "pk": 44, "fields": {"quiz_question": 12, "answer": 82, "is_correct": true}}, {"model": "interviewsApp.usersanswer", "pk": 45, "fields": {"quiz_question": 12, "answer": 83, "is_correct": false}}, {"model": "interviewsApp.usersanswer", "pk": 46, "fields": {"quiz_question": 12, "answer": 84, "is_correct": true}}, {"model": "interviewsApp.usersanswer", "pk": 47, "fields": {"quiz_question": 12, "answer": 85, "is_correct": false}}, {"model": "interviewsApp.usersanswer", "pk": 48, "fields": {"quiz_question": 13, "answer": 86, "is_correct": false}}, {"model": "interviewsApp.usersanswer", "pk": 49, "fields": {"quiz_question": 13, "answer": 87, "is_correct": false}}, {"model": "interviewsApp.usersanswer", "pk": 50, "fields": {"quiz_question": 13, "answer": 88, "is_correct": false}}, {"model": "interviewsApp.usersanswer", "pk": 51, "fields": {"quiz_question": 13, "answer": 89, "is_correct": true}}, {"model": "interviewsApp.usersanswer", "pk": 52, "fields": {"quiz_question": 14, "answer": 90, "is_correct": false}}, {"model": "interviewsApp.usersanswer", "pk": 53, "fields": {"quiz_question": 14, "answer": 91, "is_correct": true}}, {"model": "interviewsApp.usersanswer", "pk": 54, "fields": {"quiz_question": 14, "answer": 92, "is_correct": false}}, {"model": "interviewsApp.usersanswer", "pk": 55, "fields": {"quiz_question": 14, "answer": 93, "is_correct": false}}, {"model": "interviewsApp.usersanswer", "pk": 56, "fields": {"quiz_question": 15, "answer": 94, "is_correct": true}}, {"model": "interviewsApp.usersanswer", "pk": 57, "fields": {"quiz_question": 15, "answer": 95, "is_correct": false}}, {"model": "interviewsApp.usersanswer", "pk": 58, "fields": {"quiz_question": 15, "answer": 96, "is_correct": false}}, {"model": "interviewsApp.usersanswer", "pk": 59, "fields": {"quiz_question": 15, "answer": 97, "is_correct": false}}, {"model": "interviewsApp.usersanswer", "pk": 60, "fields": {"quiz_question": 16, "answer": 98, "is_correct": false}}, {"model": "interviewsApp.usersanswer", "pk": 61, "fields": {"quiz_question": 16, "answer": 99, "is_correct": false}}, {"model": "interviewsApp.usersanswer", "pk": 62, "fields": {"quiz_question": 16, "answer": 100, "is_correct": true}}, {"model": "interviewsApp.usersanswer", "pk": 63, "fields": {"quiz_question": 16, "answer": 101, "is_correct": false}}, {"model": "interviewsApp.usersanswer", "pk": 64, "fields": {"quiz_question": 17, "answer": 102, "is_correct": true}}, {"model": "interviewsApp.usersanswer", "pk": 65, "fields": {"quiz_question": 17, "answer": 103, "is_correct": false}}, {"model": "interviewsApp.usersanswer", "pk": 66, "fields": {"quiz_question": 17, "answer": 104, "is_correct": false}}, {"model": "interviewsApp.usersanswer", "pk": 67, "fields": {"quiz_question": 17, "answer": 105, "is_correct": false}}, {"model": "interviewsApp.usersanswer", "pk": 68, "fields": {"quiz_question": 18, "answer": 106, "is_correct": false}}, {"model": "interviewsApp.usersanswer", "pk": 69, "fields": {"quiz_question": 18, "answer": 107, "is_correct": false}}, {"model": "interviewsApp.usersanswer", "pk": 70, "fields": {"quiz_question": 18, "answer": 108, "is_correct": false}}, {"model": "interviewsApp.usersanswer", "pk": 71, "fields": {"quiz_question": 18, "answer": 109, "is_correct": true}}, {"model": "interviewsApp.usersanswer", "pk": 72, "fields": {"quiz_question": 19, "answer": 110, "is_correct": true}}, {"model": "interviewsApp.usersanswer", "pk": 73, "fields": {"quiz_question": 19, "answer": 111, "is_correct": false}}, {"model": "interviewsApp.usersanswer", "pk": 74, "fields": {"quiz_question": 19, "answer": 112, "is_correct": false}}, {"model": "interviewsApp.usersanswer", "pk": 75, "fields": {"quiz_question": 19, "answer": 113, "is_correct": false}}, {"model": "interviewsApp.usersanswer", "pk": 76, "fields": {"quiz_question": 20, "answer": 114, "is_correct": false}}, {"model": "interviewsApp.usersanswer", "pk": 77, "fields": {"quiz_question": 20, "answer": 115, "is_correct": false}}, {"model": "interviewsApp.usersanswer", "pk": 78, "fields": {"quiz_question": 20, "answer": 116, "is_correct": true}}, {"model": "interviewsApp.usersanswer", "pk": 79, "fields": {"quiz_question": 20, "answer": 117, "is_correct": false}}, {"model": "interviewsApp.usersanswer", "pk": 80, "fields": {"quiz_question": 21, "answer": 118, "is_correct": true}}, {"model": "interviewsApp.usersanswer", "pk": 81, "fields": {"quiz_question": 21, "answer": 119, "is_correct": false}}, {"model": "interviewsApp.usersanswer", "pk": 82, "fields": {"quiz_question": 21, "answer": 120, "is_correct": false}}, {"model": "interviewsApp.usersanswer", "pk": 83, "fields": {"quiz_question": 21, "answer": 121, "is_correct": false}}, {"model": "interviewsApp.usersanswer", "pk": 84, "fields": {"quiz_question": 22, "answer": 122, "is_correct": true}}, {"model": "interviewsApp.usersanswer", "pk": 85, "fields": {"quiz_question": 22, "answer": 123, "is_correct": false}}, {"model": "interviewsApp.usersanswer", "pk": 86, "fields": {"quiz_question": 22, "answer": 124, "is_correct": false}}, {"model": "interviewsApp.usersanswer", "pk": 87, "fields": {"quiz_question": 22, "answer": 125, "is_correct": false}}, {"model": "interviewsApp.usersanswer", "pk": 88, "fields": {"quiz_question": 23, "answer": 126, "is_correct": false}}, {"model": "interviewsApp.usersanswer", "pk": 89, "fields": {"quiz_question": 23, "answer": 127, "is_correct": false}}, {"model": "interviewsApp.usersanswer", "pk": 90, "fields": {"quiz_question": 23, "answer": 128, "is_correct": false}}, {"model": "interviewsApp.usersanswer", "pk": 91, "fields": {"quiz_question": 23, "answer": 129, "is_correct": true}}, {"model": "interviewsApp.usersanswer", "pk": 92, "fields": {"quiz_question": 24, "answer": 130, "is_correct": false}}, {"model": "interviewsApp.usersanswer", "pk": 93, "fields": {"quiz_question": 24, "answer": 131, "is_correct": false}}, {"model": "interviewsApp.usersanswer", "pk": 94, "fields": {"quiz_question": 24, "answer": 132, "is_correct": false}}, {"model": "interviewsApp.usersanswer", "pk": 95, "fields": {"quiz_question": 24, "answer": 133, "is_correct": true}}, {"model": "authtoken.token", "pk": "058f5cf5be5a69b439ffa88f313eac7f7f75e051", "fields": {"user": 10, "created": "2024-03-13T16:26:07.633Z"}}, {"model": "authtoken.token", "pk": "2356b509192c1829217509928d17ade779b9198e", "fields": {"user": 15, "created": "2024-04-12T09:10:26.998Z"}}, {"model": "authtoken.token", "pk": "4d73d4e6ea3c84d329027ed3640b53c7915bf4ca", "fields": {"user": 12, "created": "2024-02-21T16:24:51.218Z"}}, {"model": "authtoken.token", "pk": "5339115252e7886f6cae531784dd7b275aaa4d7b", "fields": {"user": 16, "created": "2024-04-19T09:02:00.877Z"}}, {"model": "authtoken.token", "pk": "700001e353b5b601eaf1a64b4342bc96c81fac37", "fields": {"user": 8, "created": "2023-10-14T14:36:33.666Z"}}, {"model": "authtoken.token", "pk": "784344a4a0bf1c3d204e911107d32148b1fee5e7", "fields": {"user": 4, "created": "2023-10-09T12:41:42.575Z"}}, {"model": "authtoken.token", "pk": "a146e038f3a1a0ea0f83589b5cd3d74e77fa1c96", "fields": {"user": 14, "created": "2024-02-23T11:23:21.087Z"}}, {"model": "authtoken.token", "pk": "bc156fd653e5b56a85f782ef5c615a5437de8d0c", "fields": {"user": 11, "created": "2024-02-21T16:21:10.853Z"}}, {"model": "authtoken.token", "pk": "c38681ed75d8dbc99a46c28d8bea7c606b4c2eac", "fields": {"user": 1, "created": "2023-10-09T13:06:24.554Z"}}, {"model": "authtoken.token", "pk": "dfe9bab554347a2366870d6257ff41c5de682cd9", "fields": {"user": 13, "created": "2024-02-21T16:30:38.928Z"}}, {"model": "cvGenerator.userskills", "pk": 1, "fields": {"recruitee_user": 8, "skill": 1}}, {"model": "cvGenerator.userskills", "pk": 2, "fields": {"recruitee_user": 8, "skill": 2}}, {"model": "cvGenerator.userskills", "pk": 3, "fields": {"recruitee_user": 8, "skill": 3}}, {"model": "cvGenerator.userskills", "pk": 4, "fields": {"recruitee_user": 8, "skill": 4}}, {"model": "cvGenerator.userskills", "pk": 5, "fields": {"recruitee_user": 8, "skill": 6}}, {"model": "cvGenerator.userskills", "pk": 6, "fields": {"recruitee_user": 3, "skill": 1}}, {"model": "cvGenerator.userskills", "pk": 7, "fields": {"recruitee_user": 14, "skill": 1}}, {"model": "cvGenerator.userskills", "pk": 8, "fields": {"recruitee_user": 14, "skill": 2}}, {"model": "cvGenerator.userskills", "pk": 9, "fields": {"recruitee_user": 14, "skill": 3}}, {"model": "cvGenerator.userskills", "pk": 10, "fields": {"recruitee_user": 14, "skill": 4}}, {"model": "cvGenerator.userskills", "pk": 11, "fields": {"recruitee_user": 14, "skill": 6}}, {"model": "cvGenerator.userskills", "pk": 12, "fields": {"recruitee_user": 3, "skill": 9}}, {"model": "cvGenerator.userskills", "pk": 13, "fields": {"recruitee_user": 4, "skill": 9}}, {"model": "cvGenerator.userskills", "pk": 14, "fields": {"recruitee_user": 4, "skill": 8}}, {"model": "cvGenerator.userskills", "pk": 15, "fields": {"recruitee_user": 4, "skill": 7}}, {"model": "cvGenerator.userskills", "pk": 16, "fields": {"recruitee_user": 14, "skill": 7}}, {"model": "cvGenerator.userskills", "pk": 17, "fields": {"recruitee_user": 14, "skill": 9}}, {"model": "cvGenerator.userskills", "pk": 18, "fields": {"recruitee_user": 14, "skill": 8}}, {"model": "cvGenerator.userskills", "pk": 19, "fields": {"recruitee_user": 14, "skill": 13}}, {"model": "cvGenerator.userskills", "pk": 20, "fields": {"recruitee_user": 14, "skill": 11}}, {"model": "cvGenerator.userskills", "pk": 21, "fields": {"recruitee_user": 14, "skill": 14}}, {"model": "cvGenerator.userskills", "pk": 22, "fields": {"recruitee_user": 13, "skill": 9}}, {"model": "cvGenerator.userskills", "pk": 23, "fields": {"recruitee_user": 13, "skill": 13}}, {"model": "cvGenerator.userskills", "pk": 25, "fields": {"recruitee_user": 13, "skill": 1}}, {"model": "cvGenerator.userskills", "pk": 26, "fields": {"recruitee_user": 14, "skill": 10}}, {"model": "cvGenerator.userskills", "pk": 27, "fields": {"recruitee_user": 16, "skill": 1}}, {"model": "cvGenerator.userskills", "pk": 28, "fields": {"recruitee_user": 16, "skill": 11}}, {"model": "cvGenerator.userskills", "pk": 29, "fields": {"recruitee_user": 16, "skill": 10}}, {"model": "cvGenerator.userskills", "pk": 30, "fields": {"recruitee_user": 16, "skill": 6}}, {"model": "cvGenerator.userskills", "pk": 31, "fields": {"recruitee_user": 16, "skill": 4}}, {"model": "cvGenerator.userskills", "pk": 32, "fields": {"recruitee_user": 13, "skill": 4}}, {"model": "cvGenerator.userskills", "pk": 33, "fields": {"recruitee_user": 15, "skill": 1}}, {"model": "cvGenerator.userskills", "pk": 34, "fields": {"recruitee_user": 15, "skill": 4}}, {"model": "locations.location", "pk": 1, "fields": {"country": "United States", "city": "New York"}}, {"model": "locations.location", "pk": 2, "fields": {"country": "Canada", "city": "Toronto"}}, {"model": "locations.location", "pk": 3, "fields": {"country": "United Kingdom", "city": "London"}}, {"model": "locations.location", "pk": 4, "fields": {"country": "Australia", "city": "Sydney"}}, {"model": "locations.location", "pk": 5, "fields": {"country": "Germany", "city": "Berlin"}}, {"model": "locations.location", "pk": 6, "fields": {"country": "France", "city": "Paris"}}, {"model": "locations.location", "pk": 7, "fields": {"country": "Japan", "city": "Tokyo"}}, {"model": "locations.location", "pk": 8, "fields": {"country": "South Korea", "city": "Seoul"}}, {"model": "locations.location", "pk": 9, "fields": {"country": "Brazil", "city": "So Paulo"}}, {"model": "locations.location", "pk": 10, "fields": {"country": "India", "city": "Mumbai"}}, {"model": "locations.location", "pk": 11, "fields": {"country": "Russia", "city": "Moscow"}}, {"model": "locations.location", "pk": 12, "fields": {"country": "South Africa", "city": "Cape Town"}}, {"model": "locations.location", "pk": 13, "fields": {"country": "Italy", "city": "Rome"}}, {"model": "locations.location", "pk": 14, "fields": {"country": "Spain", "city": "Barcelona"}}, {"model": "locations.location", "pk": 15, "fields": {"country": "Mexico", "city": "Mexico City"}}, {"model": "locations.location", "pk": 16, "fields": {"country": "China", "city": "Shanghai"}}, {"model": "locations.location", "pk": 17, "fields": {"country": "Netherlands", "city": "Amsterdam"}}, {"model": "locations.location", "pk": 18, "fields": {"country": "Sweden", "city": "Stockholm"}}, {"model": "locations.location", "pk": 19, "fields": {"country": "Norway", "city": "Oslo"}}, {"model": "locations.location", "pk": 20, "fields": {"country": "New Zealand", "city": "Auckland"}}, {"model": "locations.location", "pk": 21, "fields": {"country": "Belgium", "city": "Brussels"}}, {"model": "locations.location", "pk": 22, "fields": {"country": "Germany", "city": "Munich"}}, {"model": "locations.location", "pk": 23, "fields": {"country": "France", "city": "Lyon"}}, {"model": "locations.location", "pk": 24, "fields": {"country": "Netherlands", "city": "Rotterdam"}}, {"model": "locations.location", "pk": 25, "fields": {"country": "Italy", "city": "Milan"}}, {"model": "locations.location", "pk": 26, "fields": {"country": "Spain", "city": "Madrid"}}, {"model": "locations.location", "pk": 27, "fields": {"country": "Portugal", "city": "Lisbon"}}, {"model": "locations.location", "pk": 28, "fields": {"country": "Sweden", "city": "Gothenburg"}}, {"model": "locations.location", "pk": 29, "fields": {"country": "Poland", "city": "Warsaw"}}, {"model": "locations.location", "pk": 30, "fields": {"country": "Greece", "city": "Athens"}}, {"model": "locations.location", "pk": 31, "fields": {"country": "Czech Republic", "city": "Prague"}}, {"model": "locations.location", "pk": 32, "fields": {"country": "Austria", "city": "Vienna"}}, {"model": "locations.location", "pk": 33, "fields": {"country": "Slovakia", "city": "Bratislava"}}, {"model": "locations.location", "pk": 34, "fields": {"country": "Denmark", "city": "Copenhagen"}}, {"model": "locations.location", "pk": 35, "fields": {"country": "Finland", "city": "Helsinki"}}, {"model": "locations.location", "pk": 36, "fields": {"country": "Ireland", "city": "Dublin"}}, {"model": "locations.location", "pk": 37, "fields": {"country": "Croatia", "city": "Zagreb"}}, {"model": "locations.location", "pk": 38, "fields": {"country": "Lithuania", "city": "Vilnius"}}, {"model": "locations.location", "pk": 39, "fields": {"country": "Estonia", "city": "Tallinn"}}, {"model": "locations.location", "pk": 40, "fields": {"country": "Hungary", "city": "Budapest"}}, {"model": "locations.location", "pk": 41, "fields": {"country": "Romania", "city": "Cluj"}}, {"model": "locations.location", "pk": 42, "fields": {"country": "Romania", "city": "Timisoara"}}, {"model": "locations.location", "pk": 43, "fields": {"country": "Romania", "city": "Bucuresti"}}, {"model": "locations.location", "pk": 44, "fields": {"country": "Romania", "city": "Iasi"}}]
